INSERT INTO kierowcy VALUES ('1', '90042798434', 'Krzysztof', 'Adamczyk', 'adamczyk.krzysztof@o2.pl', '846585978', 'Bałtycka 62/4, 09-405 Nowa Sól');
INSERT INTO kierowcy VALUES ('2', '88042206833', 'Oliwier', 'Tomaszewski', 'tomaszewski.oliwier@interia.eu', '746902591', 'Antoniego Edwarda Odyńca 87/242, 54-928 Świdnik');
INSERT INTO kierowcy VALUES ('3', '90052039538', 'Mateusz', 'Krajewski', 'krajewski.mateusz@interia.pl', '694428392', 'Pl. Szarych Szeregów 6/96, 15-282 Elbląg');
INSERT INTO kierowcy VALUES ('4', '93082546407', 'Jagoda', 'Krajewska', 'krajewska.jagoda@interia.eu', '526721951', 'Skłodowskiej Curie 5/167, 61-861 Sosnowiec');
INSERT INTO kierowcy VALUES ('5', '88111296824', 'Natalia', 'Woźniak', 'wozniak.natalia@interia.pl', '576329516', 'Brzegowa 4/81, 45-915 Ciechanów');
INSERT INTO kierowcy VALUES ('6', '90121599068', 'Patrycja', 'Zając', 'zajac.patrycja@o2.pl', '787860438', 'Gen. Kazimierza Sosnkowskiego 05/3, 69-876 Piekary');
INSERT INTO kierowcy VALUES ('7', '87100964962', 'Karolina', 'Szymczak', 'szymczak.karolina@o2.pl', '850819987', 'Ks. Jana Dobrego 6/3, 53-867 Oświęcim');
INSERT INTO kierowcy VALUES ('8', '91120740905', 'Nikola', 'Sikorska', 'sikorska.nikola@interia.pl', '685717944', 'Bławatków 30/61, 11-726 Jasło');
INSERT INTO kierowcy VALUES ('9', '96020312469', 'Anna', 'Wasilewska', 'wasilewska.anna@wp.pl', '666093596', 'Przyjaciół 15/5, 51-170 Kutno');
INSERT INTO kierowcy VALUES ('10', '96100876573', 'Tomasz', 'Kaźmierczak', 'kazmierczak.tomasz@o2.pl', '832623339', 'Września go Września 2/97, 82-906 Przemyśl');
INSERT INTO kierowcy VALUES ('11', '92112882573', 'Wiktor', 'Lis', 'lis.wiktor@gmail.com', '678583804', 'Bartosza Głowackiego 16/45, 15-468 Jelenia Góra');
INSERT INTO kierowcy VALUES ('12', '93052402852', 'Oliwier', 'Bąk', 'bak.oliwier@interia.eu', '683259390', 'Gersona 5/30, 46-648 Jarocin');
INSERT INTO kierowcy VALUES ('13', '95120166156', 'Alan', 'Kaźmierczak', 'kazmierczak.alan@interia.eu', '679643246', 'Torki 47/701, 39-092 Koszalin');
INSERT INTO kierowcy VALUES ('14', '96011756836', 'Jan', 'Pawłowski', 'pawlowski.jan@gmail.com', '704702643', 'Chabrowa 1/62, 51-632 Pszczyna');
INSERT INTO kierowcy VALUES ('15', '91022844802', 'Antonina', 'Maciejewska', 'maciejewska.antonina@wp.pl', '764379386', 'Książąt Opolskich 46/81, 43-222 Żyrardów');
INSERT INTO kierowcy VALUES ('16', '91011673974', 'Ksawery', 'Kaczmarczyk', 'kaczmarczyk.ksawery@interia.eu', '632638759', 'Jarosława Dąbrowskiego 8/968, 89-752 Wągrowiec');
INSERT INTO kierowcy VALUES ('17', '90072060813', 'Igor', 'Pawłowski', 'pawlowski.igor@o2.pl', '512823998', 'Mehla 3/71, 27-524 Konin');
INSERT INTO kierowcy VALUES ('18', '88081717387', 'Karolina', 'Jakubowska', 'jakubowska.karolina@wp.pl', '570358346', 'Henryka Brodatego 8/376, 86-672 Katowice');
INSERT INTO kierowcy VALUES ('19', '91041455108', 'Lilianna', 'Borkowska', 'borkowska.lilianna@wp.pl', '566779051', 'Morawska 4/98, 09-067 Bełchatów');
INSERT INTO kierowcy VALUES ('20', '89011792454', 'Maciej', 'Dudek', 'dudek.maciej@interia.pl', '892710286', 'Śliwkowa 82/65, 90-218 Sosnowiec');
INSERT INTO kierowcy VALUES ('21', '92072946346', 'Zofia', 'Sobczak', 'sobczak.zofia@o2.pl', '542937458', 'Sosnowiecka 1/9, 06-438 Ostrołęka');
INSERT INTO kierowcy VALUES ('22', '95021199710', 'Tymoteusz', 'Wieczorek', 'wieczorek.tymoteusz@interia.pl', '868500933', 'Stanisława Wyspiańskiego 26/25, 65-944 Bochnia');
INSERT INTO kierowcy VALUES ('23', '94061220776', 'Kajetan', 'Cieślak', 'cieslak.kajetan@o2.pl', '623918636', 'Seledynowa 0/1, 34-272 Brodnica');
INSERT INTO kierowcy VALUES ('24', '94043090601', 'Katarzyna', 'Borkowska', 'borkowska.katarzyna@o2.pl', '891394123', 'Kępska 4/694, 28-866 Pruszcz Gdański');
INSERT INTO kierowcy VALUES ('25', '95100822676', 'Bartosz', 'Wieczorek', 'wieczorek.bartosz@wp.pl', '744781481', 'Jańskiego 8/67, 64-485 Gdańsk');
INSERT INTO kierowcy VALUES ('26', '89081363219', 'Tymon', 'Sokołowski', 'sokolowski.tymon@gmail.com', '852156750', 'Turawska 0/66, 01-936 Starogard Gdański');
INSERT INTO kierowcy VALUES ('27', '91110582638', 'Marcel', 'Sokołowski', 'sokolowski.marcel@interia.pl', '555843874', 'Wrzosowa 05/328, 81-026 Wałbrzych');
INSERT INTO kierowcy VALUES ('28', '92091838983', 'Paulina', 'Mazurek', 'mazurek.paulina@interia.eu', '521787046', 'Kolonia Kuźnica Borecka 0/3, 15-421 Mława');
INSERT INTO kierowcy VALUES ('29', '93010155512', 'Oliwier', 'Szewczyk', 'szewczyk.oliwier@gmail.com', '662081340', 'Wojciecha Michałka 35/840, 18-578 Gorlice');
INSERT INTO kierowcy VALUES ('30', '87020461949', 'Natalia', 'Duda', 'duda.natalia@interia.pl', '805383404', 'Niwy 3/34, 55-931 Dąbrowa');
INSERT INTO kierowcy VALUES ('31', '86082369190', 'Piotr', 'Czarnecki', 'czarnecki.piotr@wp.pl', '595379712', 'Pomorska 46/82, 85-150 Luboń');
INSERT INTO kierowcy VALUES ('32', '95101052609', 'Kaja', 'Sikora', 'sikora.kaja@wp.pl', '876111318', 'Leszczynowa 1/46, 83-149 Będzin');
INSERT INTO kierowcy VALUES ('33', '88081983265', 'Marcelina', 'Jakubowska', 'jakubowska.marcelina@interia.eu', '822551689', 'Fryderyka Kremsera 99/8, 04-792 Sochaczew');
INSERT INTO kierowcy VALUES ('34', '93051034450', 'Antoni', 'Piotrowski', 'piotrowski.antoni@o2.pl', '718717100', 'Węgierska 53/27, 52-917 Siedlce');
INSERT INTO kierowcy VALUES ('35', '95090271780', 'Anna', 'Sikora', 'sikora.anna@interia.eu', '509016661', 'Łowicka 03/29, 30-419 Warszawa');
INSERT INTO kierowcy VALUES ('36', '93033126773', 'Piotr', 'Kucharski', 'kucharski.piotr@gmail.com', '556658421', 'Lawendowa 30/2, 41-059 Myszków');
INSERT INTO kierowcy VALUES ('37', '95030938344', 'Agata', 'Wilk', 'wilk.agata@gmail.com', '866321741', 'Przedmieście 9/1, 24-522 Pruszcz Gdański');
INSERT INTO kierowcy VALUES ('38', '95111314717', 'Tymon', 'Kaczmarczyk', 'kaczmarczyk.tymon@interia.pl', '890313997', 'Golska 2/4, 60-931 Tarnów');
INSERT INTO kierowcy VALUES ('39', '86062395421', 'Magdalena', 'Włodarczyk', 'wlodarczyk.magdalena@gmail.com', '675317034', 'Chopina 82/4, 97-850 Kalisz');
INSERT INTO kierowcy VALUES ('40', '88010303379', 'Jakub', 'Szulc', 'szulc.jakub@interia.pl', '899045536', 'Jordańska 9/74, 36-099 Tarnowskie Góry');
INSERT INTO kierowcy VALUES ('41', '95121331285', 'Patrycja', 'Nowicka', 'nowicka.patrycja@interia.pl', '850594395', 'Ciepłownicza 3/954, 89-854 Kutno');
INSERT INTO kierowcy VALUES ('42', '93082893103', 'Antonina', 'Zawadzka', 'zawadzka.antonina@o2.pl', '568730011', 'Stalowa 9/26, 52-269 Pszczyna');
INSERT INTO kierowcy VALUES ('43', '87052446420', 'Joanna', 'Mróz', 'mroz.joanna@interia.eu', '672397040', 'Przemysłowa 57/60, 10-975 Pruszków');
INSERT INTO kierowcy VALUES ('44', '89122946894', 'Patryk', 'Dudek', 'dudek.patryk@o2.pl', '751306401', 'Gen. Augusta Emila Fieldorfa ps. Nil 96/64, 10-056 Kutno');
INSERT INTO kierowcy VALUES ('45', '93021866911', 'Jan', 'Jakubowski', 'jakubowski.jan@gmail.com', '671659095', 'Nadodrze 20/928, 72-293 Rzeszów');
INSERT INTO kierowcy VALUES ('46', '91070185759', 'Mateusz', 'Kowalski', 'kowalski.mateusz@interia.eu', '559271334', 'Figla 8/710, 55-125 Grudziądz');
INSERT INTO kierowcy VALUES ('47', '92072827757', 'Jan', 'Kaczmarczyk', 'kaczmarczyk.jan@gmail.com', '594485829', 'Traugutta 8/6, 79-276 Iława');
INSERT INTO kierowcy VALUES ('48', '92042556621', 'Iga', 'Dąbrowska', 'dabrowska.iga@o2.pl', '573274223', 'Grabowska 8/4, 10-319 Oleśnica');
INSERT INTO kierowcy VALUES ('49', '90042445343', 'Joanna', 'Zielińska', 'zielinska.joanna@interia.pl', '886352603', 'Morelowa 92/41, 50-555 Jasło');
INSERT INTO kierowcy VALUES ('50', '96071766576', 'Sebastian', 'Cieślak', 'cieslak.sebastian@o2.pl', '773483590', 'O. Teofila 19/56, 59-331 Bartoszyce');
INSERT INTO kierowcy VALUES ('51', '96041919438', 'Hubert', 'Cieślak', 'cieslak.hubert@interia.eu', '515080192', 'Morawska 6/73, 16-358 Malbork');
INSERT INTO kierowcy VALUES ('52', '87032713359', 'Wiktor', 'Zalewski', 'zalewski.wiktor@wp.pl', '613339427', 'Pocztowa 27/13, 83-045 Sopot');
INSERT INTO kierowcy VALUES ('53', '96072820741', 'łucja', 'Kwiatkowska', 'kwiatkowska.lucja@interia.pl', '824032522', 'Skautów Opolskich 47/463, 57-516 Radom');
INSERT INTO kierowcy VALUES ('54', '90051880449', 'Karolina', 'Kwiatkowska', 'kwiatkowska.karolina@o2.pl', '781458864', 'Historyczna 58/372, 94-270 Bochnia');
INSERT INTO kierowcy VALUES ('55', '87120906067', 'Zuzanna', 'Włodarczyk', 'wlodarczyk.zuzanna@gmail.com', '746173937', 'Brzezina 3/762, 20-256 Kluczbork');
INSERT INTO kierowcy VALUES ('56', '93052459809', 'Wiktoria', 'Wasilewska', 'wasilewska.wiktoria@interia.pl', '870261608', 'Juliana Ursyna Niemcewicza 1/116, 10-613 Olkusz');
INSERT INTO kierowcy VALUES ('57', '89010157371', 'Stanisław', 'Zalewski', 'zalewski.stanislaw@interia.pl', '882166267', 'Senatorska 44/52, 41-533 Krotoszyn');
INSERT INTO kierowcy VALUES ('58', '86072474286', 'Maja', 'Wojciechowska', 'wojciechowska.maja@o2.pl', '882673964', 'Plac Rady Europy 30/6, 93-792 Brzeg');
INSERT INTO kierowcy VALUES ('59', '93081302637', 'Nikodem', 'Mazurek', 'mazurek.nikodem@interia.eu', '509450975', 'Spacerowa 06/69, 23-119 Lębork');
INSERT INTO kierowcy VALUES ('60', '92040829529', 'Lena', 'Ostrowska', 'ostrowska.lena@interia.pl', '583303923', 'Al. Śląska 1/1, 46-282 Starogard Gdański');
INSERT INTO kierowcy VALUES ('61', '93042853121', 'Gabriela', 'Wojciechowska', 'wojciechowska.gabriela@interia.eu', '586790493', 'Weselna 34/398, 48-677 Skierniewice');
INSERT INTO kierowcy VALUES ('62', '92101295362', 'Hanna', 'Włodarczyk', 'wlodarczyk.hanna@interia.eu', '620027995', 'Stara Odra 06/90, 70-522 Grudziądz');
INSERT INTO kierowcy VALUES ('63', '88022293279', 'Adrian', 'Czarnecki', 'czarnecki.adrian@interia.eu', '673521530', 'Dziwna 4/995, 89-845 Zgorzelec');
INSERT INTO kierowcy VALUES ('64', '93092388842', 'Anastazja', 'Sawicka', 'sawicka.anastazja@wp.pl', '662131664', 'Al. Solidarności 91/24, 03-927 Bolesławiec');
INSERT INTO kierowcy VALUES ('65', '89122080088', 'Liliana', 'Nowak', 'nowak.liliana@interia.pl', '653963077', 'Św. Karola Boromeusza 4/797, 48-362 Czerwionka-Leszczyny');
INSERT INTO kierowcy VALUES ('66', '91072706312', 'Olaf', 'Chmielewski', 'chmielewski.olaf@wp.pl', '620431947', 'Służba Polsce 52/14, 51-527 Chrzanów');
INSERT INTO kierowcy VALUES ('67', '93051758879', 'Wojciech', 'Tomaszewski', 'tomaszewski.wojciech@gmail.com', '620148846', 'Swornica 21/5, 46-688 Wągrowiec');
INSERT INTO kierowcy VALUES ('68', '92022510102', 'Maria', 'Kwiatkowska', 'kwiatkowska.maria@o2.pl', '689612454', 'Sarnesa 8/53, 61-403 Zamość');
INSERT INTO kierowcy VALUES ('69', '91110921767', 'Lena', 'Kalinowska', 'kalinowska.lena@o2.pl', '581309053', 'Husarska 9/4, 90-206 Piekary');
INSERT INTO kierowcy VALUES ('70', '91072186888', 'Marta', 'Kucharska', 'kucharska.marta@interia.eu', '637387271', 'Stara Droga 28/16, 64-666 Tarnowskie Góry');
INSERT INTO kierowcy VALUES ('71', '89111542915', 'Bartosz', 'Maciejewski', 'maciejewski.bartosz@gmail.com', '557639025', 'Podlesie 95/577, 27-400 Konin');
INSERT INTO kierowcy VALUES ('72', '86111709371', 'Maksymilian', 'Górski', 'gorski.maksymilian@o2.pl', '574243397', 'Pszeniczna 9/751, 55-173 Wołomin');
INSERT INTO kierowcy VALUES ('73', '96102802316', 'Ignacy', 'Pawłowski', 'pawlowski.ignacy@interia.eu', '541515817', 'Stanisława Staszica 3/130, 26-772 Gorlice');
INSERT INTO kierowcy VALUES ('74', '92011399958', 'Bartosz', 'Grabowski', 'grabowski.bartosz@interia.eu', '759869577', 'Śląska 05/98, 75-458 Wrocław');
INSERT INTO kierowcy VALUES ('75', '88122591493', 'Tymoteusz', 'Piotrowski', 'piotrowski.tymoteusz@wp.pl', '697647562', 'Chmielowa 8/78, 61-842 Wejherowo');
INSERT INTO kierowcy VALUES ('76', '96041410977', 'Franciszek', 'Głowacki', 'glowacki.franciszek@o2.pl', '793354015', 'Wczasowa 19/29, 72-735 Siemianowice');
INSERT INTO kierowcy VALUES ('77', '92092271046', 'Kornelia', 'Chmielewska', 'chmielewska.kornelia@wp.pl', '842805685', 'Parkowa 24/71, 77-709 Warszawa');
INSERT INTO kierowcy VALUES ('78', '91052913253', 'Jan', 'Nowakowski', 'nowakowski.jan@interia.eu', '579741356', 'Pod Rozterkiem 7/68, 27-989 Police');
INSERT INTO kierowcy VALUES ('79', '93062147651', 'Krzysztof', 'Maciejewski', 'maciejewski.krzysztof@gmail.com', '882976547', 'Piotra Świerca 20/177, 41-890 Nowy Dwór Mazowiecki');
INSERT INTO kierowcy VALUES ('80', '88021399266', 'Martyna', 'Lis', 'lis.martyna@interia.eu', '819008786', 'Kolonia Robotnicza 26/774, 74-647 Piotrków Trybunalski');
INSERT INTO kierowcy VALUES ('81', '93061717464', 'Blanka', 'Wieczorek', 'wieczorek.blanka@gmail.com', '741733602', 'Trzech Kotwic 64/181, 17-360 Pruszcz Gdański');
INSERT INTO kierowcy VALUES ('82', '87070224064', 'Wiktoria', 'Lewandowska', 'lewandowska.wiktoria@gmail.com', '526618803', 'Żwirki i Wigury 0/27, 23-987 Krotoszyn');
INSERT INTO kierowcy VALUES ('83', '89022068476', 'Patryk', 'Sadowski', 'sadowski.patryk@wp.pl', '591431383', 'Sejmowa 7/51, 42-428 Racibórz');
INSERT INTO kierowcy VALUES ('84', '87070541297', 'Dawid', 'Wilk', 'wilk.dawid@wp.pl', '651047270', 'Plac Richarda Wagnera 11/875, 35-624 Olsztyn');
INSERT INTO kierowcy VALUES ('85', '91093024356', 'Bartosz', 'Krawczyk', 'krawczyk.bartosz@interia.pl', '594480724', 'Mjr. Zygmunta Szendzielarza Łupaszki 74/24, 73-509 Czechowice-Dziedzice');
INSERT INTO kierowcy VALUES ('86', '90070474377', 'Tymon', 'Bąk', 'bak.tymon@interia.eu', '671894696', 'Jarzębinowa 21/9, 90-756 Oleśnica');
INSERT INTO kierowcy VALUES ('87', '87092931148', 'Iga', 'Urbańska', 'urbanska.iga@o2.pl', '848675034', 'Klonowa 18/76, 64-282 Wodzisław Śląski');
INSERT INTO kierowcy VALUES ('88', '93090143515', 'Dawid', 'Walczak', 'walczak.dawid@o2.pl', '698663243', 'Plac Partnerstwa 6/39, 41-556 Bydgoszcz');
INSERT INTO kierowcy VALUES ('89', '96031909731', 'Dawid', 'Nowak', 'nowak.dawid@interia.eu', '868817783', 'Dziewanny 20/2, 72-605 Giżycko');
INSERT INTO kierowcy VALUES ('90', '90053092125', 'Laura', 'Borowska', 'borowska.laura@o2.pl', '826750971', 'Kard. Wyszyńskiego 55/177, 50-947 Rzeszów');
INSERT INTO kierowcy VALUES ('91', '92061739106', 'Karolina', 'Pawłowska', 'pawlowska.karolina@gmail.com', '615628789', 'Podbory 06/8, 07-090 Chełm');
INSERT INTO kierowcy VALUES ('92', '88061321957', 'Tomasz', 'Czarnecki', 'czarnecki.tomasz@o2.pl', '768120203', 'Aleksandra Gierymskiego 7/57, 84-770 Białystok');
INSERT INTO kierowcy VALUES ('93', '93021072211', 'Karol', 'Kamiński', 'kaminski.karol@interia.pl', '666816685', 'Os. Akacjowe 7/414, 12-001 Skarżysko-Kamienna');
INSERT INTO kierowcy VALUES ('94', '87032938071', 'Bartosz', 'Duda', 'duda.bartosz@o2.pl', '589904077', 'Witolda Doroszewskiego 78/49, 89-557 Zabrze');
INSERT INTO kierowcy VALUES ('95', '93020584649', 'Alicja', 'Marciniak', 'marciniak.alicja@interia.pl', '730965753', 'Racławicka 85/35, 79-239 Jarosław');
INSERT INTO kierowcy VALUES ('96', '96022687389', 'łucja', 'Michalska', 'michalska.lucja@gmail.com', '767135421', 'Fr. Chodury 07/79, 93-009 Bydgoszcz');
INSERT INTO kierowcy VALUES ('97', '94032379933', 'Miłosz', 'Lewandowski', 'lewandowski.milosz@interia.pl', '580352364', 'Ignacego Daszyńskiego 9/7, 73-893 Piła');
INSERT INTO kierowcy VALUES ('98', '91060458982', 'Maria', 'Głowacka', 'glowacka.maria@wp.pl', '744699779', 'Kornela Makuszyńskiego 20/547, 00-167 Sieradz');
INSERT INTO kierowcy VALUES ('99', '95121262042', 'Weronika', 'Dąbrowska', 'dabrowska.weronika@gmail.com', '665834411', 'Pl. Smykały 70/61, 04-915 Gdańsk');
INSERT INTO kierowcy VALUES ('100', '90032942658', 'Leon', 'Wróbel', 'wrobel.leon@o2.pl', '845847489', 'Pl. Grunwaldzki 1/2, 33-237 Wałcz');
INSERT INTO egzaminatorzy VALUES (1, 'Jan', 'Mazurek');
INSERT INTO egzaminatorzy VALUES (2, 'Maksymilian', 'Olszewski');
INSERT INTO egzaminatorzy VALUES (3, 'Jakub', 'Grabowski');
INSERT INTO egzaminatorzy VALUES (4, 'Barbara', 'Kubiak');
INSERT INTO egzaminatorzy VALUES (5, 'Magdalena', 'Chmielewska');
INSERT INTO egzaminatorzy VALUES (6, 'Ignacy', 'Adamczyk');
INSERT INTO egzaminatorzy VALUES (7, 'Aleksandra', 'Kwiatkowska');
INSERT INTO egzaminatorzy VALUES (8, 'Stanisław', 'Duda');
INSERT INTO egzaminatorzy VALUES (9, 'Kinga', 'Duda');
INSERT INTO egzaminatorzy VALUES (10, 'Maksymilian', 'Pietrzak');
INSERT INTO egzaminatorzy VALUES (11, 'Krzysztof', 'Błaszczyk');
INSERT INTO egzaminatorzy VALUES (12, 'Kacper', 'Szczepański');
INSERT INTO egzaminatorzy VALUES (13, 'Zofia', 'Kaźmierczak');
INSERT INTO egzaminatorzy VALUES (14, 'Julian', 'Przybylski');
INSERT INTO egzaminatorzy VALUES (15, 'Jakub', 'Andrzejewski');
INSERT INTO egzaminatorzy VALUES (16, 'łucja', 'Głowacka');
INSERT INTO egzaminatorzy VALUES (17, 'Jakub', 'Michalak');
INSERT INTO egzaminatorzy VALUES (18, 'Pola', 'Malinowska');
INSERT INTO egzaminatorzy VALUES (19, 'Lilianna', 'Kaczmarczyk');
INSERT INTO egzaminatorzy VALUES (20, 'Maria', 'Zając');
INSERT INTO egzaminatorzy VALUES (21, 'Natan', 'Szulc');
INSERT INTO egzaminatorzy VALUES (22, 'Krzysztof', 'Witkowski');
INSERT INTO egzaminatorzy VALUES (23, 'Laura', 'Makowska');
INSERT INTO egzaminatorzy VALUES (24, 'Oskar', 'Krajewski');
INSERT INTO egzaminatorzy VALUES (25, 'Miłosz', 'Nowak');
INSERT INTO egzaminatorzy VALUES (26, 'Natalia', 'Kaczmarczyk');
INSERT INTO egzaminatorzy VALUES (27, 'Tymoteusz', 'Makowski');
INSERT INTO egzaminatorzy VALUES (28, 'Marta', 'Chmielewska');
INSERT INTO egzaminatorzy VALUES (29, 'Maja', 'Bąk');
INSERT INTO egzaminatorzy VALUES (30, 'Krzysztof', 'Wiśniewski');
INSERT INTO egzaminatorzy VALUES (31, 'Krystian', 'Kołodziej');
INSERT INTO egzaminatorzy VALUES (32, 'Oliwier', 'Tomaszewski');
INSERT INTO ośrodki VALUES (1, 'Pomorski Ośrodek Ruchu Drogowego w Gdańsku', 'ul. Równa 19/21, 80-067 Gdańsk');
INSERT INTO ośrodki VALUES (2, 'Wojewódzki Ośrodek Ruchu Drogowego w Chełmie', 'ul. Bieławin 2a, 22-100 Chełm');
INSERT INTO ośrodki VALUES (3, 'Wojewódzki Ośrodek Ruchu Drogowego w Suwałkach', 'ul. Waryńskiego 24, 16-400 Suwałki');
INSERT INTO ośrodki VALUES (4, 'Małopolski Ośrodek Ruchu Drogowego w Tarnowie', 'ul. Okrężna 2F, 33-104 Tarnów');
INSERT INTO ośrodki VALUES (5, 'Wojewódzki Ośrodek Ruchu Drogowego w Ostrołęce', 'ul. Rolna 30, 07-410 Ostrołęka');
INSERT INTO ośrodki VALUES (6, 'Wojewódzki Ośrodek Ruchu Drogowego w Jeleniej Górze', 'ul. Rataja 9, 58-560 Jelenia Góra');
INSERT INTO ośrodki VALUES (7, 'Wojewódzki Ośrodek Ruchu Drogowego w Toruniu', 'ul. Polna 109/111, 87-100 Toruń');
INSERT INTO ośrodki VALUES (8, 'Wojewódzki Ośrodek Ruchu Drogowego w Elblągu', 'ul. Skrzydlata 1, 82-300 Elbląg');
INSERT INTO ośrodki VALUES (9, 'Wojewódzki Ośrodek Ruchu Drogowego w Kielcach', ' ul. Domaszowska 141B, 25-420 Kielce');
INSERT INTO ośrodki VALUES (10, 'Wojewódzki Ośrodek Ruchu Drogowego w Białej Podlaskiej', 'ul. Orzechowa 60, 21-500 Biała Podlaska');
INSERT INTO ośrodki VALUES (11, 'Wojewódzki Ośrodek Ruchu Drogowego we Wrocławiu', 'ul. Łagiewnicka 12, 50-512 Wrocław');
INSERT INTO ośrodki VALUES (12, 'Wojewódzki Ośrodek Ruchu Drogowego - Regionalne Centrum Bezpieczeństwa Ruchu Drogowego w Olsztynie', 'ul. Towarowa 17, 10-416 Olsztyn');
INSERT INTO ośrodki VALUES (13, 'Wojewódzki Ośrodek Ruchu Drogowego w Opolu', 'ul. Oleska 127, 45-233 Opole');
INSERT INTO ośrodki VALUES (14, 'Wojewódzki Ośrodek Ruchu Drogowego w Gorzowie Wielkopolskim', 'ul. Podmiejska 18, 66-400 Gorzów Wlkp.');
INSERT INTO ośrodki VALUES (15, 'Wojewódzki Ośrodek Ruchu Drogowego w Częstochowie', 'ul. Hallera 1, 42-200 Częstochowa');
INSERT INTO ośrodki VALUES (16, 'Wojewódzki Ośrodek Ruchu Drogowego w Tarnobrzegu', 'ul. Sikorskiego 86 A, 39-400 Tarnobrzeg');
INSERT INTO mandaty_wystawiający VALUES (1, 'Mateusz', 'Borkowski');
INSERT INTO mandaty_wystawiający VALUES (2, 'Lilianna', 'Sikorska');
INSERT INTO mandaty_wystawiający VALUES (3, 'Miłosz', 'Kaźmierczak');
INSERT INTO mandaty_wystawiający VALUES (4, 'Nina', 'Dudek');
INSERT INTO mandaty_wystawiający VALUES (5, 'Iga', 'Sawicka');
INSERT INTO mandaty_wystawiający VALUES (6, 'Patryk', 'Tomaszewski');
INSERT INTO mandaty_wystawiający VALUES (7, 'Anastazja', 'Mazurek');
INSERT INTO mandaty_wystawiający VALUES (8, 'Helena', 'Nowakowska');
INSERT INTO mandaty_wystawiający VALUES (9, 'Bartosz', 'Brzeziński');
INSERT INTO mandaty_wystawiający VALUES (10, 'Nikola', 'Urbańska');
INSERT INTO mandaty_wystawiający VALUES (11, 'Dominik', 'Przybylski');
INSERT INTO mandaty_wystawiający VALUES (12, 'Maciej', 'Adamski');
INSERT INTO mandaty_wystawiający VALUES (13, 'Marta', 'Wróbel');
INSERT INTO mandaty_wystawiający VALUES (14, 'Jakub', 'Nowakowski');
INSERT INTO mandaty_wystawiający VALUES (15, 'Nikola', 'Kwiatkowska');
INSERT INTO mandaty_wystawiający VALUES (16, 'Tymon', 'Baranowski');
INSERT INTO wykroczenia VALUES (1, 'Zatrzymywanie pojazdu na jezdni wzdłuż linii ciągłej oraz w pobliżu jej punktów krańcowych, jeżeli kierujący pojazdami wielośladowymi są zmuszeni do najeżdżania na tę linię', 100.0, 1);
INSERT INTO wykroczenia VALUES (2, 'Omijanie pojazdu, który jechał w tym samym kierunku, lecz zatrzymał się w celu ustąpienia pierwszeństwa pieszemu', 500.0, 10);
INSERT INTO wykroczenia VALUES (3, 'Wjazd na autostradę lub drogę ekspresową pojazdem, dla ruchu którego drogi te nie są przeznaczone', 250.0, 0);
INSERT INTO wykroczenia VALUES (4, 'Jazda bez wymaganych świateł w tunelu, niezależnie od pory doby', 200.0, 4);
INSERT INTO wykroczenia VALUES (5, 'Holowanie pojazdu na połączeniu giętkim, jeżeli w pojeździe tym działanie układu hamulcowego uzależnione jest od pracy silnika, a silnik jest unieruchomiony', 250.0, 0);
INSERT INTO wykroczenia VALUES (6, 'Holowanie pojazdu na połączeniu sztywnym, jeżeli nie jest sprawny co najmniej jeden układ hamulcowy, albo na połączeniu giętkim, jeżeli nie są sprawne dwa układy hamulcowe', 250.0, 0);
INSERT INTO wykroczenia VALUES (7, 'Nieużywanie elementów odblaskowych w sposób widoczny dla innych uczestników ruchu przez osobę wykonującą roboty lub inne czynności na drodze', 150.0, 0);
INSERT INTO wykroczenia VALUES (8, 'Naruszenie przez kierującego pojazdem innym niż silnikowy zakazu wyprzedzania innych pojazdów w czasie jazdy w warunkach zmniejszonej przejrzystości powietrza oraz obowiązku korzystania z pobocza drogi, a jeżeli nie jest to możliwe – to jazdy jak najbliżej krawędzi jezdni', 100.0, 2);
INSERT INTO wykroczenia VALUES (9, 'Omijanie pojazdu oczekującego na otwarcie ruchu przez przejazd kolejowy w sytuacji, w której wymagało to wjechania na część jezdni przeznaczoną dla przeciwnego kierunku ruchu', 250.0, 0);
INSERT INTO wykroczenia VALUES (10, 'Zatrzymywanie pojazdu w odległości mniejszej niż 15 m od słupka lub tablicy oznaczającej przystanek, a na przystanku z zatoką – na całej jej długości', 100.0, 1);
INSERT INTO wykroczenia VALUES (11, 'Niezatrzymanie pojazdu w celu umożliwienia przejścia przez jezdnię osobie niepełnosprawnej, używającej specjalnego znaku lub osobie o widocznej ograniczonej sprawności ruchowej', 350.0, 10);
INSERT INTO wykroczenia VALUES (12, 'Przekroczenie dopuszczalnej prędkości o 51 km/h i więcej', 500.0, 10);
INSERT INTO wykroczenia VALUES (13, 'Korzystanie podczas jazdy z telefonu wymagające trzymania słuchawki lub mikrofonu w ręku przez kierującego pojazdem', 200.0, 5);
INSERT INTO wykroczenia VALUES (14, 'Naruszenie obowiązku zatrzymania pojazdu w takim miejscu i na taki czas aby umożliwić pieszym swobodny dostęp do pojazdów komunikacji publicznej - w przypadku braku wysepki dla pasażerów na przystanku', 100.0, 0);
INSERT INTO wykroczenia VALUES (15, 'Jazda wzdłuż po chodniku lub przejściu dla pieszych innym pojazdem niż pojazd silnikowy', 100.0, 0);
INSERT INTO wykroczenia VALUES (16, 'Nieustąpienie przez kierującego pojazdem, który skręca w drogę poprzeczną, pierwszeństwa rowerzyście jadącemu na wprost po jezdni, pasie ruchu dla rowerów, drodze dla rowerów lub innej części drogi, którą zamierza opuścić', 350.0, 6);
INSERT INTO wykroczenia VALUES (17, 'Naruszenie przez kierującego warunków holowania - niezachowanie właściwej odległości między pojazdami holowanym a holującym', 100.0, 0);
INSERT INTO wykroczenia VALUES (18, 'Naruszenie zakazu postoju przed lub za przejazdem kolejowym na odcinku od przejazdu do słupka wskaźnikowego z jedną kreską', 100.0, 1);
INSERT INTO wykroczenia VALUES (19, 'Naruszenie przez kierującego warunków holowania - niewłaściwe oznakowanie połączenia między pojazdami (holu) albo brak takiego oznakowania', 50.0, 0);
INSERT INTO wykroczenia VALUES (20, 'Przekroczenie dopuszczalnej prędkości o 41-50 km/h', 400.0, 6);
INSERT INTO wykroczenia VALUES (21, 'Wyprzedzanie z niewłaściwej strony', 200.0, 3);
INSERT INTO wykroczenia VALUES (22, 'Nieustąpienie pierwszeństwa innemu pojazdowi lub uczestnikowi ruchu podczas włączania się do ruchu', 300.0, 5);
INSERT INTO wykroczenia VALUES (23, 'Nieustąpienie przez kierującego pojazdem pierwszeństwa rowerowi przy przejeżdżaniu przez drogę dla rowerów poza jezdnią', 350.0, 6);
INSERT INTO wykroczenia VALUES (24, 'Naruszenie przez kierującego warunków holowania - nieprawidłowe połączenie pojazdu holowanego z holującym', 150.0, 0);
INSERT INTO wykroczenia VALUES (25, 'Nieużywanie wymaganego oświetlenia podczas zatrzymania lub postoju w warunkach niedostatecznej widoczności', 200.0, 3);
INSERT INTO wykroczenia VALUES (26, 'Zatrzymanie lub postój pojazdu na autostradzie lub drodze ekspresowej w innych miejscach niż wyznaczone w tym celu', 300.0, 1);
INSERT INTO wykroczenia VALUES (27, 'Nieudzielenie pomocy ofiarom wypadku', 500.0, 10);
INSERT INTO wykroczenia VALUES (28, 'Wyprzedzanie bez zachowania bezpiecznego odstępu od wyprzedzanego pojazdu lub uczestnika ruchu', 300.0, 5);
INSERT INTO wykroczenia VALUES (29, 'Zatrzymywanie pojazdu na przejeździe kolejowym lub tramwajowym, na skrzyżowaniu oraz w odległości mniejszej niż 10 m od przejazdu lub skrzyżowania', 300.0, 1);
INSERT INTO wykroczenia VALUES (30, 'Nadużywanie sygnałów dźwiękowych lub świetlnych', 100.0, 0);
INSERT INTO wykroczenia VALUES (31, 'Zawracanie w tunelach, na mostach i wiaduktach oraz na drogach jednokierunkowych', 200.0, 5);
INSERT INTO wykroczenia VALUES (32, 'Przekroczenie dopuszczalnej prędkości o 21-30 km/h', 200.0, 4);
INSERT INTO mandaty VALUES (1, 1, 13, 10);
INSERT INTO mandaty VALUES (2, 1, 5, 29);
INSERT INTO mandaty VALUES (3, 2, 2, 19);
INSERT INTO mandaty VALUES (4, 3, 8, 22);
INSERT INTO mandaty VALUES (5, 3, 6, 32);
INSERT INTO mandaty VALUES (6, 3, 5, 15);
INSERT INTO mandaty VALUES (7, 4, 10, 6);
INSERT INTO mandaty VALUES (8, 7, 3, 20);
INSERT INTO mandaty VALUES (9, 8, 2, 25);
INSERT INTO mandaty VALUES (10, 9, 12, 6);
INSERT INTO mandaty VALUES (11, 9, 8, 18);
INSERT INTO mandaty VALUES (12, 10, 12, 8);
INSERT INTO mandaty VALUES (13, 13, 11, 8);
INSERT INTO mandaty VALUES (14, 13, 8, 13);
INSERT INTO mandaty VALUES (15, 14, 3, 29);
INSERT INTO mandaty VALUES (16, 15, 4, 31);
INSERT INTO mandaty VALUES (17, 15, 14, 6);
INSERT INTO mandaty VALUES (18, 15, 2, 1);
INSERT INTO mandaty VALUES (19, 16, 16, 27);
INSERT INTO mandaty VALUES (20, 16, 9, 5);
INSERT INTO mandaty VALUES (21, 18, 8, 22);
INSERT INTO mandaty VALUES (22, 18, 6, 25);
INSERT INTO mandaty VALUES (23, 18, 10, 23);
INSERT INTO mandaty VALUES (24, 19, 7, 31);
INSERT INTO mandaty VALUES (25, 19, 1, 28);
INSERT INTO mandaty VALUES (26, 20, 7, 23);
INSERT INTO mandaty VALUES (27, 20, 6, 26);
INSERT INTO mandaty VALUES (28, 21, 9, 32);
INSERT INTO mandaty VALUES (29, 21, 13, 23);
INSERT INTO mandaty VALUES (30, 22, 6, 12);
INSERT INTO mandaty VALUES (31, 22, 15, 13);
INSERT INTO mandaty VALUES (32, 22, 10, 21);
INSERT INTO mandaty VALUES (33, 24, 10, 27);
INSERT INTO mandaty VALUES (34, 24, 15, 30);
INSERT INTO mandaty VALUES (35, 24, 7, 26);
INSERT INTO mandaty VALUES (36, 25, 7, 8);
INSERT INTO mandaty VALUES (37, 25, 14, 28);
INSERT INTO mandaty VALUES (38, 25, 8, 24);
INSERT INTO mandaty VALUES (39, 26, 11, 18);
INSERT INTO mandaty VALUES (40, 26, 14, 10);
INSERT INTO mandaty VALUES (41, 27, 11, 18);
INSERT INTO mandaty VALUES (42, 28, 5, 23);
INSERT INTO mandaty VALUES (43, 29, 6, 14);
INSERT INTO mandaty VALUES (44, 29, 1, 32);
INSERT INTO mandaty VALUES (45, 29, 16, 15);
INSERT INTO mandaty VALUES (46, 31, 10, 8);
INSERT INTO mandaty VALUES (47, 32, 13, 22);
INSERT INTO mandaty VALUES (48, 32, 14, 30);
INSERT INTO mandaty VALUES (49, 32, 6, 12);
INSERT INTO mandaty VALUES (50, 33, 6, 29);
INSERT INTO mandaty VALUES (51, 33, 14, 24);
INSERT INTO mandaty VALUES (52, 33, 7, 11);
INSERT INTO mandaty VALUES (53, 34, 3, 7);
INSERT INTO mandaty VALUES (54, 34, 16, 3);
INSERT INTO mandaty VALUES (55, 34, 13, 30);
INSERT INTO mandaty VALUES (56, 35, 12, 18);
INSERT INTO mandaty VALUES (57, 36, 5, 5);
INSERT INTO mandaty VALUES (58, 37, 14, 13);
INSERT INTO mandaty VALUES (59, 37, 6, 26);
INSERT INTO mandaty VALUES (60, 37, 13, 5);
INSERT INTO mandaty VALUES (61, 38, 13, 9);
INSERT INTO mandaty VALUES (62, 39, 8, 19);
INSERT INTO mandaty VALUES (63, 39, 13, 23);
INSERT INTO mandaty VALUES (64, 40, 7, 16);
INSERT INTO mandaty VALUES (65, 40, 1, 19);
INSERT INTO mandaty VALUES (66, 40, 8, 1);
INSERT INTO mandaty VALUES (67, 41, 7, 17);
INSERT INTO mandaty VALUES (68, 41, 9, 12);
INSERT INTO mandaty VALUES (69, 41, 3, 9);
INSERT INTO mandaty VALUES (70, 44, 7, 18);
INSERT INTO mandaty VALUES (71, 44, 11, 23);
INSERT INTO mandaty VALUES (72, 45, 12, 4);
INSERT INTO mandaty VALUES (73, 45, 13, 8);
INSERT INTO mandaty VALUES (74, 46, 10, 26);
INSERT INTO mandaty VALUES (75, 49, 9, 2);
INSERT INTO mandaty VALUES (76, 50, 2, 26);
INSERT INTO mandaty VALUES (77, 50, 2, 7);
INSERT INTO mandaty VALUES (78, 50, 1, 28);
INSERT INTO mandaty VALUES (79, 52, 14, 17);
INSERT INTO mandaty VALUES (80, 53, 5, 11);
INSERT INTO mandaty VALUES (81, 53, 8, 16);
INSERT INTO mandaty VALUES (82, 53, 5, 31);
INSERT INTO mandaty VALUES (83, 54, 14, 5);
INSERT INTO mandaty VALUES (84, 54, 16, 7);
INSERT INTO mandaty VALUES (85, 54, 6, 8);
INSERT INTO mandaty VALUES (86, 56, 1, 13);
INSERT INTO mandaty VALUES (87, 57, 15, 17);
INSERT INTO mandaty VALUES (88, 58, 11, 16);
INSERT INTO mandaty VALUES (89, 58, 3, 16);
INSERT INTO mandaty VALUES (90, 60, 13, 30);
INSERT INTO mandaty VALUES (91, 60, 10, 5);
INSERT INTO mandaty VALUES (92, 61, 15, 32);
INSERT INTO mandaty VALUES (93, 61, 14, 25);
INSERT INTO mandaty VALUES (94, 62, 15, 30);
INSERT INTO mandaty VALUES (95, 63, 7, 18);
INSERT INTO mandaty VALUES (96, 63, 12, 8);
INSERT INTO mandaty VALUES (97, 63, 8, 7);
INSERT INTO mandaty VALUES (98, 64, 3, 2);
INSERT INTO mandaty VALUES (99, 64, 5, 30);
INSERT INTO mandaty VALUES (100, 64, 10, 7);
INSERT INTO mandaty VALUES (101, 65, 2, 19);
INSERT INTO mandaty VALUES (102, 65, 12, 5);
INSERT INTO mandaty VALUES (103, 66, 13, 32);
INSERT INTO mandaty VALUES (104, 66, 1, 5);
INSERT INTO mandaty VALUES (105, 66, 8, 2);
INSERT INTO mandaty VALUES (106, 67, 7, 4);
INSERT INTO mandaty VALUES (107, 67, 7, 6);
INSERT INTO mandaty VALUES (108, 68, 11, 2);
INSERT INTO mandaty VALUES (109, 69, 12, 16);
INSERT INTO mandaty VALUES (110, 69, 16, 2);
INSERT INTO mandaty VALUES (111, 70, 5, 30);
INSERT INTO mandaty VALUES (112, 70, 7, 12);
INSERT INTO mandaty VALUES (113, 70, 15, 19);
INSERT INTO mandaty VALUES (114, 71, 16, 20);
INSERT INTO mandaty VALUES (115, 71, 2, 20);
INSERT INTO mandaty VALUES (116, 71, 11, 19);
INSERT INTO mandaty VALUES (117, 72, 14, 30);
INSERT INTO mandaty VALUES (118, 75, 16, 29);
INSERT INTO mandaty VALUES (119, 75, 13, 24);
INSERT INTO mandaty VALUES (120, 76, 10, 15);
INSERT INTO mandaty VALUES (121, 76, 13, 5);
INSERT INTO mandaty VALUES (122, 77, 7, 9);
INSERT INTO mandaty VALUES (123, 78, 7, 19);
INSERT INTO mandaty VALUES (124, 78, 12, 9);
INSERT INTO mandaty VALUES (125, 78, 12, 32);
INSERT INTO mandaty VALUES (126, 80, 10, 19);
INSERT INTO mandaty VALUES (127, 80, 10, 5);
INSERT INTO mandaty VALUES (128, 80, 9, 15);
INSERT INTO mandaty VALUES (129, 81, 1, 32);
INSERT INTO mandaty VALUES (130, 81, 11, 17);
INSERT INTO mandaty VALUES (131, 81, 3, 8);
INSERT INTO mandaty VALUES (132, 82, 4, 6);
INSERT INTO mandaty VALUES (133, 83, 15, 25);
INSERT INTO mandaty VALUES (134, 84, 16, 28);
INSERT INTO mandaty VALUES (135, 86, 1, 16);
INSERT INTO mandaty VALUES (136, 86, 3, 31);
INSERT INTO mandaty VALUES (137, 90, 16, 23);
INSERT INTO mandaty VALUES (138, 90, 8, 2);
INSERT INTO mandaty VALUES (139, 91, 15, 14);
INSERT INTO mandaty VALUES (140, 95, 8, 15);
INSERT INTO mandaty VALUES (141, 95, 10, 29);
INSERT INTO mandaty VALUES (142, 96, 10, 19);
INSERT INTO mandaty VALUES (143, 96, 6, 29);
INSERT INTO mandaty VALUES (144, 96, 6, 13);
INSERT INTO mandaty VALUES (145, 97, 12, 30);
INSERT INTO mandaty VALUES (146, 97, 13, 4);
INSERT INTO mandaty VALUES (147, 98, 12, 20);
INSERT INTO mandaty VALUES (148, 100, 1, 2);
INSERT INTO mandaty VALUES (149, 100, 9, 22);
INSERT INTO egzaminy VALUES (1, '2008-07-20', 'teoria', 10, 5);
INSERT INTO egzaminy VALUES (2, '2008-08-10', 'teoria', 6, 2);
INSERT INTO egzaminy VALUES (3, '2008-08-17', 'praktyka', 17, 11);
INSERT INTO egzaminy VALUES (4, '2008-09-07', 'praktyka', 30, 8);
INSERT INTO egzaminy VALUES (5, '2008-09-28', 'praktyka', 8, 11);
INSERT INTO egzaminy VALUES (6, '2006-07-15', 'teoria', 1, 8);
INSERT INTO egzaminy VALUES (7, '2006-07-22', 'praktyka', 13, 11);
INSERT INTO egzaminy VALUES (8, '2006-08-12', 'praktyka', 9, 9);
INSERT INTO egzaminy VALUES (9, '2006-09-02', 'praktyka', 31, 12);
INSERT INTO egzaminy VALUES (10, '2008-08-12', 'teoria', 7, 16);
INSERT INTO egzaminy VALUES (11, '2008-09-02', 'teoria', 29, 3);
INSERT INTO egzaminy VALUES (12, '2008-09-09', 'praktyka', 26, 5);
INSERT INTO egzaminy VALUES (13, '2011-11-17', 'teoria', 21, 1);
INSERT INTO egzaminy VALUES (14, '2011-12-08', 'teoria', 26, 10);
INSERT INTO egzaminy VALUES (15, '2011-12-15', 'praktyka', 6, 2);
INSERT INTO egzaminy VALUES (16, '2012-01-05', 'praktyka', 3, 15);
INSERT INTO egzaminy VALUES (17, '2012-01-26', 'praktyka', 11, 14);
INSERT INTO egzaminy VALUES (18, '2011-12-08', 'teoria', 12, 4);
INSERT INTO egzaminy VALUES (19, '2011-12-15', 'praktyka', 15, 7);
INSERT INTO egzaminy VALUES (20, '2012-01-05', 'praktyka', 26, 2);
INSERT INTO egzaminy VALUES (21, '2007-02-04', 'teoria', 8, 5);
INSERT INTO egzaminy VALUES (22, '2007-02-25', 'teoria', 24, 13);
INSERT INTO egzaminy VALUES (23, '2007-03-04', 'praktyka', 30, 13);
INSERT INTO egzaminy VALUES (24, '2009-03-09', 'teoria', 2, 2);
INSERT INTO egzaminy VALUES (25, '2009-03-16', 'praktyka', 20, 11);
INSERT INTO egzaminy VALUES (26, '2009-04-06', 'praktyka', 25, 16);
INSERT INTO egzaminy VALUES (27, '2009-04-27', 'praktyka', 20, 16);
INSERT INTO egzaminy VALUES (28, '2006-01-01', 'teoria', 15, 4);
INSERT INTO egzaminy VALUES (29, '2006-01-22', 'teoria', 21, 10);
INSERT INTO egzaminy VALUES (30, '2006-01-29', 'praktyka', 2, 10);
INSERT INTO egzaminy VALUES (31, '2006-02-19', 'praktyka', 5, 12);
INSERT INTO egzaminy VALUES (32, '2006-03-12', 'praktyka', 14, 12);
INSERT INTO egzaminy VALUES (33, '2010-03-01', 'teoria', 10, 5);
INSERT INTO egzaminy VALUES (34, '2010-03-22', 'teoria', 30, 15);
INSERT INTO egzaminy VALUES (35, '2010-03-29', 'praktyka', 30, 7);
INSERT INTO egzaminy VALUES (36, '2010-04-19', 'praktyka', 8, 4);
INSERT INTO egzaminy VALUES (37, '2010-05-10', 'praktyka', 15, 2);
INSERT INTO egzaminy VALUES (38, '2010-03-22', 'teoria', 5, 10);
INSERT INTO egzaminy VALUES (39, '2010-04-12', 'teoria', 10, 10);
INSERT INTO egzaminy VALUES (40, '2010-04-19', 'praktyka', 3, 7);
INSERT INTO egzaminy VALUES (41, '2010-05-10', 'praktyka', 28, 6);
INSERT INTO egzaminy VALUES (42, '2010-05-31', 'praktyka', 26, 13);
INSERT INTO egzaminy VALUES (43, '2010-04-12', 'teoria', 11, 15);
INSERT INTO egzaminy VALUES (44, '2010-05-03', 'teoria', 22, 3);
INSERT INTO egzaminy VALUES (45, '2010-05-10', 'praktyka', 9, 11);
INSERT INTO egzaminy VALUES (46, '2010-05-31', 'praktyka', 13, 9);
INSERT INTO egzaminy VALUES (47, '2010-06-21', 'praktyka', 23, 7);
INSERT INTO egzaminy VALUES (48, '2010-05-03', 'teoria', 31, 15);
INSERT INTO egzaminy VALUES (49, '2010-05-10', 'praktyka', 3, 16);
INSERT INTO egzaminy VALUES (50, '2010-05-31', 'praktyka', 14, 7);
INSERT INTO egzaminy VALUES (51, '2014-04-28', 'teoria', 12, 8);
INSERT INTO egzaminy VALUES (52, '2014-05-19', 'teoria', 29, 11);
INSERT INTO egzaminy VALUES (53, '2014-05-26', 'praktyka', 14, 14);
INSERT INTO egzaminy VALUES (54, '2014-06-16', 'praktyka', 1, 11);
INSERT INTO egzaminy VALUES (55, '2014-12-31', 'teoria', 24, 16);
INSERT INTO egzaminy VALUES (56, '2015-01-07', 'praktyka', 25, 1);
INSERT INTO egzaminy VALUES (57, '2011-02-20', 'teoria', 14, 5);
INSERT INTO egzaminy VALUES (58, '2011-02-27', 'praktyka', 12, 9);
INSERT INTO egzaminy VALUES (59, '2011-03-20', 'praktyka', 7, 11);
INSERT INTO egzaminy VALUES (60, '2011-03-13', 'teoria', 8, 7);
INSERT INTO egzaminy VALUES (61, '2011-04-03', 'teoria', 15, 16);
INSERT INTO egzaminy VALUES (62, '2011-04-10', 'praktyka', 17, 13);
INSERT INTO egzaminy VALUES (63, '2011-04-03', 'teoria', 5, 1);
INSERT INTO egzaminy VALUES (64, '2011-04-10', 'praktyka', 26, 9);
INSERT INTO egzaminy VALUES (65, '2011-05-01', 'praktyka', 9, 6);
INSERT INTO egzaminy VALUES (66, '2011-08-16', 'teoria', 31, 16);
INSERT INTO egzaminy VALUES (67, '2011-08-23', 'praktyka', 12, 1);
INSERT INTO egzaminy VALUES (68, '2014-02-23', 'teoria', 5, 1);
INSERT INTO egzaminy VALUES (69, '2014-03-02', 'praktyka', 2, 16);
INSERT INTO egzaminy VALUES (70, '2014-03-23', 'praktyka', 31, 12);
INSERT INTO egzaminy VALUES (71, '2014-04-13', 'praktyka', 20, 11);
INSERT INTO egzaminy VALUES (72, '2014-03-16', 'teoria', 30, 15);
INSERT INTO egzaminy VALUES (73, '2014-03-23', 'praktyka', 3, 3);
INSERT INTO egzaminy VALUES (74, '2014-04-13', 'praktyka', 15, 13);
INSERT INTO egzaminy VALUES (75, '2014-05-04', 'praktyka', 22, 16);
INSERT INTO egzaminy VALUES (76, '2014-04-06', 'teoria', 12, 13);
INSERT INTO egzaminy VALUES (77, '2014-04-27', 'teoria', 3, 9);
INSERT INTO egzaminy VALUES (78, '2014-05-04', 'praktyka', 23, 11);
INSERT INTO egzaminy VALUES (79, '2014-05-25', 'praktyka', 20, 3);
INSERT INTO egzaminy VALUES (80, '2014-06-15', 'praktyka', 9, 12);
INSERT INTO egzaminy VALUES (81, '2014-04-27', 'teoria', 28, 5);
INSERT INTO egzaminy VALUES (82, '2014-05-18', 'teoria', 21, 6);
INSERT INTO egzaminy VALUES (83, '2014-05-25', 'praktyka', 3, 12);
INSERT INTO egzaminy VALUES (84, '2014-04-11', 'teoria', 14, 13);
INSERT INTO egzaminy VALUES (85, '2014-05-02', 'teoria', 11, 14);
INSERT INTO egzaminy VALUES (86, '2014-05-09', 'praktyka', 8, 7);
INSERT INTO egzaminy VALUES (87, '2014-05-30', 'praktyka', 15, 8);
INSERT INTO egzaminy VALUES (88, '2009-05-23', 'teoria', 2, 12);
INSERT INTO egzaminy VALUES (89, '2009-05-30', 'praktyka', 25, 7);
INSERT INTO egzaminy VALUES (90, '2009-04-10', 'teoria', 3, 9);
INSERT INTO egzaminy VALUES (91, '2009-05-01', 'teoria', 10, 7);
INSERT INTO egzaminy VALUES (92, '2009-05-08', 'praktyka', 25, 5);
INSERT INTO egzaminy VALUES (93, '2009-05-29', 'praktyka', 9, 8);
INSERT INTO egzaminy VALUES (94, '2009-06-19', 'praktyka', 5, 14);
INSERT INTO egzaminy VALUES (95, '2009-05-01', 'teoria', 12, 12);
INSERT INTO egzaminy VALUES (96, '2009-05-22', 'teoria', 23, 12);
INSERT INTO egzaminy VALUES (97, '2009-05-29', 'praktyka', 24, 4);
INSERT INTO egzaminy VALUES (98, '2009-05-22', 'teoria', 5, 4);
INSERT INTO egzaminy VALUES (99, '2009-05-29', 'praktyka', 22, 7);
INSERT INTO egzaminy VALUES (100, '2009-06-19', 'praktyka', 28, 14);
INSERT INTO egzaminy VALUES (101, '2008-10-12', 'teoria', 10, 2);
INSERT INTO egzaminy VALUES (102, '2008-11-02', 'teoria', 25, 12);
INSERT INTO egzaminy VALUES (103, '2008-11-09', 'praktyka', 30, 3);
INSERT INTO egzaminy VALUES (104, '2008-11-30', 'praktyka', 12, 16);
INSERT INTO egzaminy VALUES (105, '2008-12-21', 'praktyka', 14, 2);
INSERT INTO egzaminy VALUES (106, '2006-11-09', 'teoria', 15, 3);
INSERT INTO egzaminy VALUES (107, '2006-11-30', 'teoria', 12, 3);
INSERT INTO egzaminy VALUES (108, '2006-12-07', 'praktyka', 30, 14);
INSERT INTO egzaminy VALUES (109, '2006-12-28', 'praktyka', 20, 7);
INSERT INTO egzaminy VALUES (110, '2007-01-18', 'praktyka', 21, 6);
INSERT INTO egzaminy VALUES (111, '2009-07-07', 'teoria', 28, 8);
INSERT INTO egzaminy VALUES (112, '2009-07-28', 'teoria', 13, 16);
INSERT INTO egzaminy VALUES (113, '2009-08-04', 'praktyka', 2, 13);
INSERT INTO egzaminy VALUES (114, '2009-08-25', 'praktyka', 29, 11);
INSERT INTO egzaminy VALUES (115, '2009-09-15', 'praktyka', 10, 15);
INSERT INTO egzaminy VALUES (116, '2007-04-11', 'teoria', 29, 1);
INSERT INTO egzaminy VALUES (117, '2007-05-02', 'teoria', 4, 9);
INSERT INTO egzaminy VALUES (118, '2007-05-09', 'praktyka', 32, 11);
INSERT INTO egzaminy VALUES (119, '2007-05-02', 'teoria', 3, 1);
INSERT INTO egzaminy VALUES (120, '2007-05-09', 'praktyka', 21, 11);
INSERT INTO egzaminy VALUES (121, '2007-05-30', 'praktyka', 29, 10);
INSERT INTO egzaminy VALUES (122, '2007-06-20', 'praktyka', 30, 8);
INSERT INTO egzaminy VALUES (123, '2010-10-21', 'teoria', 12, 14);
INSERT INTO egzaminy VALUES (124, '2010-11-11', 'teoria', 15, 10);
INSERT INTO egzaminy VALUES (125, '2010-11-18', 'praktyka', 10, 13);
INSERT INTO egzaminy VALUES (126, '2010-11-11', 'teoria', 3, 5);
INSERT INTO egzaminy VALUES (127, '2010-12-02', 'teoria', 7, 14);
INSERT INTO egzaminy VALUES (128, '2010-12-09', 'praktyka', 10, 1);
INSERT INTO egzaminy VALUES (129, '2010-12-30', 'praktyka', 32, 3);
INSERT INTO egzaminy VALUES (130, '2010-12-02', 'teoria', 22, 14);
INSERT INTO egzaminy VALUES (131, '2010-12-23', 'teoria', 21, 10);
INSERT INTO egzaminy VALUES (132, '2010-12-30', 'praktyka', 26, 8);
INSERT INTO egzaminy VALUES (133, '2010-12-23', 'teoria', 8, 5);
INSERT INTO egzaminy VALUES (134, '2011-01-13', 'teoria', 29, 6);
INSERT INTO egzaminy VALUES (135, '2011-01-20', 'praktyka', 17, 5);
INSERT INTO egzaminy VALUES (136, '2013-05-06', 'teoria', 7, 14);
INSERT INTO egzaminy VALUES (137, '2013-05-13', 'praktyka', 32, 16);
INSERT INTO egzaminy VALUES (138, '2013-06-03', 'praktyka', 21, 2);
INSERT INTO egzaminy VALUES (139, '2012-09-04', 'teoria', 15, 3);
INSERT INTO egzaminy VALUES (140, '2012-09-25', 'teoria', 6, 5);
INSERT INTO egzaminy VALUES (141, '2012-10-02', 'praktyka', 31, 11);
INSERT INTO egzaminy VALUES (142, '2012-10-23', 'praktyka', 5, 15);
INSERT INTO egzaminy VALUES (143, '2012-07-23', 'teoria', 4, 16);
INSERT INTO egzaminy VALUES (144, '2012-08-13', 'teoria', 13, 2);
INSERT INTO egzaminy VALUES (145, '2012-08-20', 'praktyka', 1, 7);
INSERT INTO egzaminy VALUES (146, '2012-09-10', 'praktyka', 8, 8);
INSERT INTO egzaminy VALUES (147, '2013-12-31', 'teoria', 7, 8);
INSERT INTO egzaminy VALUES (148, '2014-01-07', 'praktyka', 22, 3);
INSERT INTO egzaminy VALUES (149, '2014-01-28', 'praktyka', 32, 10);
INSERT INTO egzaminy VALUES (150, '2014-02-18', 'praktyka', 30, 11);
INSERT INTO egzaminy VALUES (151, '2014-01-21', 'teoria', 22, 5);
INSERT INTO egzaminy VALUES (152, '2014-01-28', 'praktyka', 7, 8);
INSERT INTO egzaminy VALUES (153, '2014-02-18', 'praktyka', 10, 1);
INSERT INTO egzaminy VALUES (154, '2014-03-11', 'praktyka', 26, 15);
INSERT INTO egzaminy VALUES (155, '2014-02-11', 'teoria', 9, 12);
INSERT INTO egzaminy VALUES (156, '2014-02-18', 'praktyka', 14, 16);
INSERT INTO egzaminy VALUES (157, '2007-11-05', 'teoria', 5, 3);
INSERT INTO egzaminy VALUES (158, '2007-11-12', 'praktyka', 19, 13);
INSERT INTO egzaminy VALUES (159, '2010-01-28', 'teoria', 21, 16);
INSERT INTO egzaminy VALUES (160, '2010-02-18', 'teoria', 18, 2);
INSERT INTO egzaminy VALUES (161, '2010-02-25', 'praktyka', 29, 16);
INSERT INTO egzaminy VALUES (162, '2010-03-18', 'praktyka', 4, 13);
INSERT INTO egzaminy VALUES (163, '2010-04-08', 'praktyka', 11, 11);
INSERT INTO egzaminy VALUES (164, '2010-12-11', 'teoria', 9, 11);
INSERT INTO egzaminy VALUES (165, '2010-12-18', 'praktyka', 28, 1);
INSERT INTO egzaminy VALUES (166, '2011-03-26', 'teoria', 17, 6);
INSERT INTO egzaminy VALUES (167, '2011-04-16', 'teoria', 16, 4);
INSERT INTO egzaminy VALUES (168, '2011-04-23', 'praktyka', 31, 11);
INSERT INTO egzaminy VALUES (169, '2011-05-14', 'praktyka', 6, 6);
INSERT INTO egzaminy VALUES (170, '2011-06-04', 'praktyka', 12, 11);
INSERT INTO egzaminy VALUES (171, '2005-04-29', 'teoria', 19, 4);
INSERT INTO egzaminy VALUES (172, '2005-05-06', 'praktyka', 4, 5);
INSERT INTO egzaminy VALUES (173, '2004-11-15', 'teoria', 19, 15);
INSERT INTO egzaminy VALUES (174, '2004-11-22', 'praktyka', 7, 14);
INSERT INTO egzaminy VALUES (175, '2004-12-13', 'praktyka', 11, 14);
INSERT INTO egzaminy VALUES (176, '2014-01-02', 'teoria', 3, 1);
INSERT INTO egzaminy VALUES (177, '2014-01-09', 'praktyka', 1, 13);
INSERT INTO egzaminy VALUES (178, '2014-01-30', 'praktyka', 18, 14);
INSERT INTO egzaminy VALUES (179, '2006-11-11', 'teoria', 32, 6);
INSERT INTO egzaminy VALUES (180, '2006-12-02', 'teoria', 29, 14);
INSERT INTO egzaminy VALUES (181, '2006-12-09', 'praktyka', 24, 11);
INSERT INTO egzaminy VALUES (182, '2011-08-02', 'teoria', 1, 10);
INSERT INTO egzaminy VALUES (183, '2011-08-09', 'praktyka', 15, 16);
INSERT INTO egzaminy VALUES (184, '2011-08-30', 'praktyka', 8, 11);
INSERT INTO egzaminy VALUES (185, '2013-11-25', 'teoria', 13, 7);
INSERT INTO egzaminy VALUES (186, '2013-12-16', 'teoria', 19, 15);
INSERT INTO egzaminy VALUES (187, '2013-12-23', 'praktyka', 31, 4);
INSERT INTO egzaminy VALUES (188, '2013-12-16', 'teoria', 23, 12);
INSERT INTO egzaminy VALUES (189, '2014-01-06', 'teoria', 8, 10);
INSERT INTO egzaminy VALUES (190, '2014-01-13', 'praktyka', 29, 14);
INSERT INTO egzaminy VALUES (191, '2011-06-23', 'teoria', 13, 16);
INSERT INTO egzaminy VALUES (192, '2011-07-14', 'teoria', 4, 4);
INSERT INTO egzaminy VALUES (193, '2011-07-21', 'praktyka', 21, 2);
INSERT INTO egzaminy VALUES (194, '2011-08-11', 'praktyka', 8, 12);
INSERT INTO egzaminy VALUES (195, '2013-06-01', 'teoria', 25, 12);
INSERT INTO egzaminy VALUES (196, '2013-06-08', 'praktyka', 21, 13);
INSERT INTO egzaminy VALUES (197, '2013-06-29', 'praktyka', 12, 5);
INSERT INTO egzaminy VALUES (198, '2013-06-22', 'teoria', 21, 14);
INSERT INTO egzaminy VALUES (199, '2013-06-29', 'praktyka', 24, 16);
INSERT INTO egzaminy VALUES (200, '2013-07-20', 'praktyka', 26, 16);
INSERT INTO egzaminy VALUES (201, '2014-02-05', 'teoria', 14, 5);
INSERT INTO egzaminy VALUES (202, '2014-02-26', 'teoria', 15, 16);
INSERT INTO egzaminy VALUES (203, '2014-03-05', 'praktyka', 17, 2);
INSERT INTO egzaminy VALUES (204, '2004-09-15', 'teoria', 30, 6);
INSERT INTO egzaminy VALUES (205, '2004-10-06', 'teoria', 17, 13);
INSERT INTO egzaminy VALUES (206, '2004-10-13', 'praktyka', 26, 7);
INSERT INTO egzaminy VALUES (207, '2006-03-28', 'teoria', 5, 3);
INSERT INTO egzaminy VALUES (208, '2006-04-04', 'praktyka', 18, 3);
INSERT INTO egzaminy VALUES (209, '2006-04-25', 'praktyka', 17, 3);
INSERT INTO egzaminy VALUES (210, '2006-04-18', 'teoria', 18, 5);
INSERT INTO egzaminy VALUES (211, '2006-04-25', 'praktyka', 24, 6);
INSERT INTO egzaminy VALUES (212, '2006-05-16', 'praktyka', 27, 8);
INSERT INTO egzaminy VALUES (213, '2006-05-09', 'teoria', 2, 1);
INSERT INTO egzaminy VALUES (214, '2006-05-30', 'teoria', 4, 2);
INSERT INTO egzaminy VALUES (215, '2006-06-06', 'praktyka', 17, 4);
INSERT INTO egzaminy VALUES (216, '2006-06-27', 'praktyka', 8, 10);
INSERT INTO egzaminy VALUES (217, '2006-05-30', 'teoria', 17, 8);
INSERT INTO egzaminy VALUES (218, '2006-06-06', 'praktyka', 10, 6);
INSERT INTO egzaminy VALUES (219, '2006-06-27', 'praktyka', 28, 5);
INSERT INTO egzaminy VALUES (220, '2014-03-07', 'teoria', 22, 2);
INSERT INTO egzaminy VALUES (221, '2014-03-14', 'praktyka', 31, 14);
INSERT INTO egzaminy VALUES (222, '2014-04-04', 'praktyka', 4, 12);
INSERT INTO egzaminy VALUES (223, '2014-04-25', 'praktyka', 26, 2);
INSERT INTO egzaminy VALUES (224, '2011-11-20', 'teoria', 19, 1);
INSERT INTO egzaminy VALUES (225, '2011-11-27', 'praktyka', 23, 15);
INSERT INTO egzaminy VALUES (226, '2011-12-18', 'praktyka', 7, 13);
INSERT INTO egzaminy VALUES (227, '2012-01-08', 'praktyka', 26, 1);
INSERT INTO egzaminy VALUES (228, '2005-08-16', 'teoria', 27, 12);
INSERT INTO egzaminy VALUES (229, '2005-09-06', 'teoria', 21, 8);
INSERT INTO egzaminy VALUES (230, '2005-09-13', 'praktyka', 29, 6);
INSERT INTO egzaminy VALUES (231, '2005-10-04', 'praktyka', 1, 13);
INSERT INTO egzaminy VALUES (232, '2005-10-25', 'praktyka', 31, 6);
INSERT INTO egzaminy VALUES (233, '2008-03-22', 'teoria', 7, 9);
INSERT INTO egzaminy VALUES (234, '2008-04-12', 'teoria', 18, 2);
INSERT INTO egzaminy VALUES (235, '2008-04-19', 'praktyka', 13, 16);
INSERT INTO egzaminy VALUES (236, '2008-05-10', 'praktyka', 32, 13);
INSERT INTO egzaminy VALUES (237, '2008-04-12', 'teoria', 14, 15);
INSERT INTO egzaminy VALUES (238, '2008-04-19', 'praktyka', 12, 9);
INSERT INTO egzaminy VALUES (239, '2011-05-13', 'teoria', 11, 12);
INSERT INTO egzaminy VALUES (240, '2011-05-20', 'praktyka', 21, 13);
INSERT INTO egzaminy VALUES (241, '2011-06-10', 'praktyka', 15, 8);
INSERT INTO egzaminy VALUES (242, '2009-09-23', 'teoria', 16, 11);
INSERT INTO egzaminy VALUES (243, '2009-10-14', 'teoria', 32, 15);
INSERT INTO egzaminy VALUES (244, '2009-10-21', 'praktyka', 11, 8);
INSERT INTO egzaminy VALUES (245, '2009-11-11', 'praktyka', 26, 4);
INSERT INTO egzaminy VALUES (246, '2009-12-02', 'praktyka', 10, 6);
INSERT INTO egzaminy VALUES (247, '2010-10-20', 'teoria', 3, 11);
INSERT INTO egzaminy VALUES (248, '2010-10-27', 'praktyka', 22, 10);
INSERT INTO egzaminy VALUES (249, '2010-11-10', 'teoria', 5, 13);
INSERT INTO egzaminy VALUES (250, '2010-11-17', 'praktyka', 5, 11);
INSERT INTO egzaminy VALUES (251, '2010-12-08', 'praktyka', 12, 11);
INSERT INTO egzaminy VALUES (252, '2010-12-29', 'praktyka', 21, 2);
INSERT INTO egzaminy VALUES (253, '2010-07-18', 'teoria', 29, 12);
INSERT INTO egzaminy VALUES (254, '2010-07-25', 'praktyka', 1, 4);
INSERT INTO egzaminy VALUES (255, '2010-08-15', 'praktyka', 5, 5);
INSERT INTO egzaminy VALUES (256, '2010-09-05', 'praktyka', 5, 15);
INSERT INTO egzaminy VALUES (257, '2008-07-17', 'teoria', 15, 6);
INSERT INTO egzaminy VALUES (258, '2008-08-07', 'teoria', 30, 14);
INSERT INTO egzaminy VALUES (259, '2008-08-14', 'praktyka', 14, 10);
INSERT INTO egzaminy VALUES (260, '2008-09-04', 'praktyka', 12, 1);
INSERT INTO egzaminy VALUES (261, '2008-08-07', 'teoria', 5, 16);
INSERT INTO egzaminy VALUES (262, '2008-08-28', 'teoria', 28, 8);
INSERT INTO egzaminy VALUES (263, '2008-09-04', 'praktyka', 27, 10);
INSERT INTO egzaminy VALUES (264, '2008-09-25', 'praktyka', 13, 14);
INSERT INTO egzaminy VALUES (265, '2008-10-16', 'praktyka', 11, 12);
INSERT INTO egzaminy VALUES (266, '2014-10-09', 'teoria', 21, 2);
INSERT INTO egzaminy VALUES (267, '2014-10-30', 'teoria', 6, 15);
INSERT INTO egzaminy VALUES (268, '2014-11-06', 'praktyka', 16, 6);
INSERT INTO egzaminy VALUES (269, '2014-11-27', 'praktyka', 25, 6);
INSERT INTO egzaminy VALUES (270, '2014-10-30', 'teoria', 29, 10);
INSERT INTO egzaminy VALUES (271, '2014-11-06', 'praktyka', 20, 6);
INSERT INTO egzaminy VALUES (272, '2014-11-27', 'praktyka', 5, 13);
INSERT INTO egzaminy VALUES (273, '2014-07-12', 'teoria', 17, 7);
INSERT INTO egzaminy VALUES (274, '2014-07-19', 'praktyka', 16, 7);
INSERT INTO egzaminy VALUES (275, '2014-08-09', 'praktyka', 23, 1);
INSERT INTO egzaminy VALUES (276, '2005-06-19', 'teoria', 19, 13);
INSERT INTO egzaminy VALUES (277, '2005-07-10', 'teoria', 12, 14);
INSERT INTO egzaminy VALUES (278, '2005-07-17', 'praktyka', 27, 11);
INSERT INTO egzaminy VALUES (279, '2005-08-07', 'praktyka', 28, 3);
INSERT INTO egzaminy VALUES (280, '2014-10-20', 'teoria', 23, 15);
INSERT INTO egzaminy VALUES (281, '2014-10-27', 'praktyka', 3, 6);
INSERT INTO egzaminy VALUES (282, '2014-11-17', 'praktyka', 24, 13);
INSERT INTO egzaminy VALUES (283, '2014-12-08', 'praktyka', 5, 13);
INSERT INTO egzaminy VALUES (284, '2008-08-31', 'teoria', 16, 6);
INSERT INTO egzaminy VALUES (285, '2008-08-31', 'teoria', 27, 12);
INSERT INTO egzaminy VALUES (286, '2008-09-07', 'praktyka', 21, 1);
INSERT INTO egzaminy VALUES (287, '2006-03-03', 'teoria', 19, 8);
INSERT INTO egzaminy VALUES (288, '2006-03-24', 'teoria', 26, 9);
INSERT INTO egzaminy VALUES (289, '2006-03-31', 'praktyka', 12, 4);
INSERT INTO egzaminy VALUES (290, '2006-04-21', 'praktyka', 27, 9);
INSERT INTO egzaminy VALUES (291, '2006-03-24', 'teoria', 2, 7);
INSERT INTO egzaminy VALUES (292, '2006-03-31', 'praktyka', 27, 12);
INSERT INTO egzaminy VALUES (293, '2011-09-06', 'teoria', 25, 11);
INSERT INTO egzaminy VALUES (294, '2011-09-13', 'praktyka', 14, 11);
INSERT INTO egzaminy VALUES (295, '2011-10-04', 'praktyka', 11, 8);
INSERT INTO egzaminy VALUES (296, '2007-03-26', 'teoria', 29, 14);
INSERT INTO egzaminy VALUES (297, '2007-04-16', 'teoria', 30, 16);
INSERT INTO egzaminy VALUES (298, '2007-04-23', 'praktyka', 22, 15);
INSERT INTO egzaminy VALUES (299, '2007-05-14', 'praktyka', 17, 8);
INSERT INTO egzaminy VALUES (300, '2007-04-16', 'teoria', 6, 2);
INSERT INTO egzaminy VALUES (301, '2007-05-07', 'teoria', 6, 9);
INSERT INTO egzaminy VALUES (302, '2007-05-14', 'praktyka', 31, 9);
INSERT INTO egzaminy VALUES (303, '2007-05-07', 'teoria', 28, 14);
INSERT INTO egzaminy VALUES (304, '2007-05-28', 'teoria', 25, 11);
INSERT INTO egzaminy VALUES (305, '2007-06-04', 'praktyka', 24, 7);
INSERT INTO egzaminy VALUES (306, '2007-06-25', 'praktyka', 18, 4);
INSERT INTO egzaminy VALUES (307, '2007-05-28', 'teoria', 24, 5);
INSERT INTO egzaminy VALUES (308, '2007-06-18', 'teoria', 30, 3);
INSERT INTO egzaminy VALUES (309, '2007-06-25', 'praktyka', 31, 4);
INSERT INTO egzaminy VALUES (310, '2004-10-16', 'teoria', 10, 13);
INSERT INTO egzaminy VALUES (311, '2004-10-23', 'praktyka', 18, 1);
INSERT INTO egzaminy VALUES (312, '2004-11-13', 'praktyka', 14, 13);
INSERT INTO egzaminy VALUES (313, '2004-11-06', 'teoria', 2, 15);
INSERT INTO egzaminy VALUES (314, '2004-11-27', 'teoria', 28, 4);
INSERT INTO egzaminy VALUES (315, '2004-12-04', 'praktyka', 7, 5);
INSERT INTO egzaminy VALUES (316, '2004-12-25', 'praktyka', 6, 2);
INSERT INTO egzaminy VALUES (317, '2005-01-15', 'praktyka', 11, 1);
INSERT INTO egzaminy VALUES (318, '2004-11-27', 'teoria', 4, 8);
INSERT INTO egzaminy VALUES (319, '2004-12-18', 'teoria', 25, 13);
INSERT INTO egzaminy VALUES (320, '2004-12-25', 'praktyka', 13, 12);
INSERT INTO egzaminy VALUES (321, '2004-12-18', 'teoria', 18, 5);
INSERT INTO egzaminy VALUES (322, '2005-01-08', 'teoria', 6, 8);
INSERT INTO egzaminy VALUES (323, '2005-01-15', 'praktyka', 7, 7);
INSERT INTO egzaminy VALUES (324, '2005-02-05', 'praktyka', 32, 14);
INSERT INTO egzaminy VALUES (325, '2005-02-26', 'praktyka', 1, 15);
INSERT INTO egzaminy VALUES (326, '2011-11-05', 'teoria', 31, 7);
INSERT INTO egzaminy VALUES (327, '2011-11-12', 'praktyka', 4, 14);
INSERT INTO egzaminy VALUES (328, '2011-12-03', 'praktyka', 23, 4);
INSERT INTO egzaminy VALUES (329, '2011-12-24', 'praktyka', 18, 8);
INSERT INTO egzaminy VALUES (330, '2010-07-01', 'teoria', 28, 7);
INSERT INTO egzaminy VALUES (331, '2010-07-08', 'praktyka', 12, 2);
INSERT INTO egzaminy VALUES (332, '2010-07-29', 'praktyka', 19, 5);
INSERT INTO egzaminy VALUES (333, '2010-08-19', 'praktyka', 31, 16);
INSERT INTO egzaminy VALUES (334, '2011-07-21', 'teoria', 4, 2);
INSERT INTO egzaminy VALUES (335, '2011-08-11', 'teoria', 20, 1);
INSERT INTO egzaminy VALUES (336, '2011-08-18', 'praktyka', 29, 5);
INSERT INTO egzaminy VALUES (337, '2011-09-08', 'praktyka', 10, 4);
INSERT INTO egzaminy VALUES (338, '2011-09-29', 'praktyka', 30, 15);
INSERT INTO egzaminy VALUES (339, '2011-08-11', 'teoria', 29, 3);
INSERT INTO egzaminy VALUES (340, '2011-08-18', 'praktyka', 2, 9);
INSERT INTO egzaminy VALUES (341, '2011-01-04', 'teoria', 25, 15);
INSERT INTO egzaminy VALUES (342, '2011-01-11', 'praktyka', 25, 7);
INSERT INTO egzaminy VALUES (343, '2011-02-01', 'praktyka', 16, 3);
INSERT INTO egzaminy VALUES (344, '2011-02-22', 'praktyka', 21, 1);
INSERT INTO egzaminy VALUES (345, '2006-05-17', 'teoria', 9, 11);
INSERT INTO egzaminy VALUES (346, '2006-05-24', 'praktyka', 30, 6);
INSERT INTO egzaminy VALUES (347, '2006-06-14', 'praktyka', 1, 14);
INSERT INTO egzaminy VALUES (348, '2006-07-05', 'praktyka', 25, 15);
INSERT INTO egzaminy VALUES (349, '2011-12-16', 'teoria', 23, 2);
INSERT INTO egzaminy VALUES (350, '2012-01-06', 'teoria', 32, 1);
INSERT INTO egzaminy VALUES (351, '2012-01-13', 'praktyka', 21, 1);
INSERT INTO egzaminy VALUES (352, '2012-02-03', 'praktyka', 19, 5);
INSERT INTO egzaminy VALUES (353, '2012-02-24', 'praktyka', 8, 6);
INSERT INTO egzaminy VALUES (354, '2008-03-13', 'teoria', 15, 6);
INSERT INTO egzaminy VALUES (355, '2008-04-03', 'teoria', 18, 3);
INSERT INTO egzaminy VALUES (356, '2008-04-10', 'praktyka', 27, 14);
INSERT INTO egzaminy VALUES (357, '2008-05-01', 'praktyka', 18, 7);
INSERT INTO egzaminy VALUES (358, '2008-04-03', 'teoria', 1, 10);
INSERT INTO egzaminy VALUES (359, '2008-04-24', 'teoria', 30, 1);
INSERT INTO egzaminy VALUES (360, '2008-05-01', 'praktyka', 13, 7);
INSERT INTO egzaminy VALUES (361, '2008-05-22', 'praktyka', 27, 9);
INSERT INTO egzaminy VALUES (362, '2008-06-12', 'praktyka', 20, 2);
INSERT INTO egzaminy VALUES (363, '2009-10-19', 'teoria', 32, 9);
INSERT INTO egzaminy VALUES (364, '2009-10-26', 'praktyka', 17, 8);
INSERT INTO egzaminy VALUES (365, '2011-08-09', 'teoria', 16, 10);
INSERT INTO egzaminy VALUES (366, '2011-08-16', 'praktyka', 2, 7);
INSERT INTO egzaminy VALUES (367, '2011-09-06', 'praktyka', 22, 1);
INSERT INTO egzaminy VALUES (368, '2010-05-20', 'teoria', 1, 5);
INSERT INTO egzaminy VALUES (369, '2010-06-10', 'teoria', 29, 14);
INSERT INTO egzaminy VALUES (370, '2010-06-17', 'praktyka', 16, 15);
INSERT INTO egzaminy VALUES (371, '2010-02-01', 'teoria', 8, 3);
INSERT INTO egzaminy VALUES (372, '2010-02-22', 'teoria', 8, 13);
INSERT INTO egzaminy VALUES (373, '2010-03-01', 'praktyka', 10, 13);
INSERT INTO egzaminy VALUES (374, '2010-03-22', 'praktyka', 2, 10);
INSERT INTO egzaminy VALUES (375, '2010-04-12', 'praktyka', 24, 2);
INSERT INTO egzaminy VALUES (376, '2009-10-13', 'teoria', 22, 3);
INSERT INTO egzaminy VALUES (377, '2009-11-03', 'teoria', 8, 9);
INSERT INTO egzaminy VALUES (378, '2009-11-10', 'praktyka', 23, 1);
INSERT INTO egzaminy VALUES (379, '2009-12-01', 'praktyka', 13, 13);
INSERT INTO egzaminy VALUES (380, '2009-12-22', 'praktyka', 1, 3);
INSERT INTO egzaminy VALUES (381, '2009-11-03', 'teoria', 10, 6);
INSERT INTO egzaminy VALUES (382, '2009-11-10', 'praktyka', 29, 3);
INSERT INTO egzaminy VALUES (383, '2009-11-24', 'teoria', 15, 5);
INSERT INTO egzaminy VALUES (384, '2009-12-15', 'teoria', 32, 13);
INSERT INTO egzaminy VALUES (385, '2009-12-22', 'praktyka', 6, 14);
INSERT INTO egzaminy VALUES (386, '2008-02-07', 'teoria', 15, 16);
INSERT INTO egzaminy VALUES (387, '2008-02-14', 'praktyka', 32, 5);
INSERT INTO egzaminy VALUES (388, '2008-02-28', 'teoria', 27, 16);
INSERT INTO egzaminy VALUES (389, '2008-03-20', 'teoria', 23, 4);
INSERT INTO egzaminy VALUES (390, '2008-03-27', 'praktyka', 11, 4);
INSERT INTO egzaminy VALUES (391, '2008-03-20', 'teoria', 17, 3);
INSERT INTO egzaminy VALUES (392, '2008-04-10', 'teoria', 8, 7);
INSERT INTO egzaminy VALUES (393, '2008-04-17', 'praktyka', 24, 9);
INSERT INTO egzaminy VALUES (394, '2008-04-10', 'teoria', 7, 3);
INSERT INTO egzaminy VALUES (395, '2008-04-17', 'praktyka', 1, 11);
INSERT INTO egzaminy VALUES (396, '2008-05-08', 'praktyka', 27, 3);
INSERT INTO egzaminy VALUES (397, '2008-05-29', 'praktyka', 28, 16);
INSERT INTO egzaminy VALUES (398, '2005-02-09', 'teoria', 22, 4);
INSERT INTO egzaminy VALUES (399, '2005-02-16', 'praktyka', 17, 15);
INSERT INTO egzaminy VALUES (400, '2015-01-20', 'teoria', 1, 1);
INSERT INTO egzaminy VALUES (401, '2015-01-27', 'praktyka', 29, 6);
INSERT INTO egzaminy VALUES (402, '2015-02-17', 'praktyka', 10, 11);
INSERT INTO egzaminy VALUES (403, '2015-03-10', 'praktyka', 11, 3);
INSERT INTO egzaminy VALUES (404, '2010-04-07', 'teoria', 31, 2);
INSERT INTO egzaminy VALUES (405, '2010-04-28', 'teoria', 12, 8);
INSERT INTO egzaminy VALUES (406, '2010-05-05', 'praktyka', 2, 7);
INSERT INTO egzaminy VALUES (407, '2010-05-26', 'praktyka', 32, 16);
INSERT INTO egzaminy VALUES (408, '2010-06-16', 'praktyka', 11, 11);
INSERT INTO egzaminy VALUES (409, '2007-03-19', 'teoria', 23, 13);
INSERT INTO egzaminy VALUES (410, '2007-03-26', 'praktyka', 18, 6);
INSERT INTO egzaminy VALUES (411, '2007-04-09', 'teoria', 12, 16);
INSERT INTO egzaminy VALUES (412, '2007-04-16', 'praktyka', 18, 3);
INSERT INTO egzaminy VALUES (413, '2007-05-07', 'praktyka', 30, 9);
INSERT INTO egzaminy VALUES (414, '2007-04-30', 'teoria', 28, 1);
INSERT INTO egzaminy VALUES (415, '2007-05-07', 'praktyka', 17, 4);
INSERT INTO egzaminy VALUES (416, '2007-05-28', 'praktyka', 9, 4);
INSERT INTO egzaminy VALUES (417, '2007-05-21', 'teoria', 9, 12);
INSERT INTO egzaminy VALUES (418, '2007-05-28', 'praktyka', 11, 16);
INSERT INTO egzaminy VALUES (419, '2007-06-18', 'praktyka', 3, 3);
INSERT INTO egzaminy VALUES (420, '2014-07-07', 'teoria', 31, 4);
INSERT INTO egzaminy VALUES (421, '2014-07-14', 'praktyka', 13, 13);
INSERT INTO egzaminy VALUES (422, '2014-08-04', 'praktyka', 31, 5);
INSERT INTO egzaminy VALUES (423, '2014-08-25', 'praktyka', 3, 7);
INSERT INTO egzaminy VALUES (424, '2014-07-28', 'teoria', 23, 15);
INSERT INTO egzaminy VALUES (425, '2014-08-04', 'praktyka', 22, 8);
INSERT INTO egzaminy VALUES (426, '2014-08-25', 'praktyka', 14, 3);
INSERT INTO egzaminy VALUES (427, '2014-09-15', 'praktyka', 15, 2);
INSERT INTO egzaminy VALUES (428, '2014-08-18', 'teoria', 21, 2);
INSERT INTO egzaminy VALUES (429, '2014-09-08', 'teoria', 21, 8);
INSERT INTO egzaminy VALUES (430, '2014-09-15', 'praktyka', 16, 14);
INSERT INTO egzaminy VALUES (431, '2014-10-06', 'praktyka', 13, 3);
INSERT INTO egzaminy VALUES (432, '2010-12-15', 'teoria', 11, 9);
INSERT INTO egzaminy VALUES (433, '2011-01-05', 'teoria', 14, 14);
INSERT INTO egzaminy VALUES (434, '2011-01-12', 'praktyka', 7, 15);
INSERT INTO egzaminy VALUES (435, '2011-02-02', 'praktyka', 19, 16);
INSERT INTO egzaminy VALUES (436, '2011-01-05', 'teoria', 14, 13);
INSERT INTO egzaminy VALUES (437, '2011-01-26', 'teoria', 16, 5);
INSERT INTO egzaminy VALUES (438, '2011-02-02', 'praktyka', 31, 6);
INSERT INTO egzaminy VALUES (439, '2011-02-23', 'praktyka', 1, 4);
INSERT INTO egzaminy VALUES (440, '2011-03-16', 'praktyka', 28, 3);
INSERT INTO egzaminy VALUES (441, '2009-08-21', 'teoria', 22, 6);
INSERT INTO egzaminy VALUES (442, '2009-08-28', 'praktyka', 8, 13);
INSERT INTO egzaminy VALUES (443, '2009-09-18', 'praktyka', 20, 13);
INSERT INTO egzaminy VALUES (444, '2009-09-11', 'teoria', 23, 4);
INSERT INTO egzaminy VALUES (445, '2009-09-18', 'praktyka', 3, 7);
INSERT INTO egzaminy VALUES (446, '2009-10-09', 'praktyka', 21, 13);
INSERT INTO egzaminy VALUES (447, '2011-09-13', 'teoria', 15, 14);
INSERT INTO egzaminy VALUES (448, '2011-09-20', 'praktyka', 7, 11);
INSERT INTO egzaminy VALUES (449, '2011-10-11', 'praktyka', 5, 12);
INSERT INTO egzaminy VALUES (450, '2011-10-04', 'teoria', 13, 3);
INSERT INTO egzaminy VALUES (451, '2011-10-11', 'praktyka', 28, 1);
INSERT INTO egzaminy VALUES (452, '2011-11-01', 'praktyka', 19, 6);
INSERT INTO egzaminy VALUES (453, '2011-10-25', 'teoria', 8, 9);
INSERT INTO egzaminy VALUES (454, '2011-11-01', 'praktyka', 29, 6);
INSERT INTO egzaminy VALUES (455, '2011-11-15', 'teoria', 1, 11);
INSERT INTO egzaminy VALUES (456, '2011-11-22', 'praktyka', 29, 10);
INSERT INTO egzaminy VALUES (457, '2006-05-08', 'teoria', 23, 4);
INSERT INTO egzaminy VALUES (458, '2006-05-15', 'praktyka', 18, 16);
INSERT INTO egzaminy VALUES (459, '2006-06-05', 'praktyka', 10, 13);
INSERT INTO egzaminy VALUES (460, '2006-06-26', 'praktyka', 27, 2);
INSERT INTO egzaminy VALUES (461, '2006-05-29', 'teoria', 24, 16);
INSERT INTO egzaminy VALUES (462, '2006-06-05', 'praktyka', 27, 1);
INSERT INTO egzaminy VALUES (463, '2011-09-09', 'teoria', 11, 5);
INSERT INTO egzaminy VALUES (464, '2011-09-30', 'teoria', 18, 15);
INSERT INTO egzaminy VALUES (465, '2011-10-07', 'praktyka', 3, 10);
INSERT INTO egzaminy VALUES (466, '2011-10-28', 'praktyka', 20, 12);
INSERT INTO egzaminy VALUES (467, '2011-11-18', 'praktyka', 11, 12);
INSERT INTO egzaminy VALUES (468, '2005-09-24', 'teoria', 26, 15);
INSERT INTO egzaminy VALUES (469, '2005-10-15', 'teoria', 30, 2);
INSERT INTO egzaminy VALUES (470, '2005-10-22', 'praktyka', 24, 16);
INSERT INTO egzaminy VALUES (471, '2005-11-12', 'praktyka', 4, 4);
INSERT INTO egzaminy VALUES (472, '2005-12-03', 'praktyka', 12, 2);
INSERT INTO egzaminy VALUES (473, '2007-05-15', 'teoria', 29, 14);
INSERT INTO egzaminy VALUES (474, '2007-06-05', 'teoria', 9, 6);
INSERT INTO egzaminy VALUES (475, '2007-06-12', 'praktyka', 14, 13);
INSERT INTO egzaminy VALUES (476, '2007-07-03', 'praktyka', 22, 12);
INSERT INTO egzaminy VALUES (477, '2005-09-27', 'teoria', 31, 11);
INSERT INTO egzaminy VALUES (478, '2005-10-18', 'teoria', 32, 16);
INSERT INTO egzaminy VALUES (479, '2005-11-15', 'praktyka', 2, 7);
INSERT INTO egzaminy VALUES (480, '2005-12-06', 'praktyka', 29, 2);
INSERT INTO egzaminy VALUES (481, '2009-12-23', 'teoria', 21, 14);
INSERT INTO egzaminy VALUES (482, '2010-01-13', 'teoria', 1, 12);
INSERT INTO egzaminy VALUES (483, '2010-01-20', 'praktyka', 22, 14);
INSERT INTO egzaminy VALUES (484, '2010-02-10', 'praktyka', 22, 4);
INSERT INTO egzaminy VALUES (485, '2010-03-03', 'praktyka', 27, 8);
INSERT INTO egzaminy VALUES (486, '2008-09-26', 'teoria', 29, 10);
INSERT INTO egzaminy VALUES (487, '2008-10-17', 'teoria', 10, 11);
INSERT INTO egzaminy VALUES (488, '2008-10-24', 'praktyka', 24, 13);
INSERT INTO egzaminy VALUES (489, '2008-11-14', 'praktyka', 21, 9);
INSERT INTO egzaminy VALUES (490, '2008-12-05', 'praktyka', 18, 7);
INSERT INTO egzaminy VALUES (491, '2005-12-22', 'teoria', 20, 13);
INSERT INTO egzaminy VALUES (492, '2005-12-29', 'praktyka', 27, 3);
INSERT INTO egzaminy VALUES (493, '2006-01-19', 'praktyka', 4, 9);
INSERT INTO egzaminy VALUES (494, '2006-02-09', 'praktyka', 29, 14);
INSERT INTO egzaminy VALUES (495, '2006-01-12', 'teoria', 30, 2);
INSERT INTO egzaminy VALUES (496, '2006-01-19', 'praktyka', 10, 10);
INSERT INTO egzaminy VALUES (497, '2011-11-24', 'teoria', 16, 6);
INSERT INTO egzaminy VALUES (498, '2011-12-15', 'teoria', 11, 10);
INSERT INTO egzaminy VALUES (499, '2011-12-22', 'praktyka', 9, 9);
INSERT INTO egzaminy VALUES (500, '2012-01-12', 'praktyka', 4, 2);
INSERT INTO egzaminy VALUES (501, '2011-12-15', 'teoria', 25, 16);
INSERT INTO egzaminy VALUES (502, '2012-01-05', 'teoria', 18, 11);
INSERT INTO egzaminy VALUES (503, '2012-01-12', 'praktyka', 25, 11);
INSERT INTO egzaminy VALUES (504, '2012-02-02', 'praktyka', 5, 5);
INSERT INTO egzaminy VALUES (505, '2012-01-05', 'teoria', 2, 8);
INSERT INTO egzaminy VALUES (506, '2012-01-12', 'praktyka', 17, 14);
INSERT INTO egzaminy VALUES (507, '2012-02-02', 'praktyka', 24, 2);
INSERT INTO egzaminy VALUES (508, '2012-02-23', 'praktyka', 22, 2);
INSERT INTO egzaminy VALUES (509, '2012-01-26', 'teoria', 11, 5);
INSERT INTO egzaminy VALUES (510, '2012-02-02', 'praktyka', 29, 1);
INSERT INTO egzaminy VALUES (511, '2012-02-23', 'praktyka', 18, 13);
INSERT INTO egzaminy VALUES (512, '2012-03-15', 'praktyka', 29, 12);
INSERT INTO egzaminy VALUES (513, '2014-06-11', 'teoria', 20, 4);
INSERT INTO egzaminy VALUES (514, '2014-07-02', 'teoria', 4, 5);
INSERT INTO egzaminy VALUES (515, '2014-07-09', 'praktyka', 12, 12);
INSERT INTO egzaminy VALUES (516, '2014-07-02', 'teoria', 17, 1);
INSERT INTO egzaminy VALUES (517, '2014-07-09', 'praktyka', 7, 7);
INSERT INTO egzaminy VALUES (518, '2014-07-30', 'praktyka', 22, 4);
INSERT INTO egzaminy VALUES (519, '2014-08-20', 'praktyka', 2, 12);
INSERT INTO egzaminy VALUES (520, '2008-08-22', 'teoria', 4, 16);
INSERT INTO egzaminy VALUES (521, '2008-08-29', 'praktyka', 29, 15);
INSERT INTO egzaminy VALUES (522, '2008-09-19', 'praktyka', 15, 4);
INSERT INTO egzaminy VALUES (523, '2008-10-10', 'praktyka', 12, 3);
INSERT INTO egzaminy VALUES (524, '2008-09-12', 'teoria', 28, 7);
INSERT INTO egzaminy VALUES (525, '2008-09-19', 'praktyka', 2, 3);
INSERT INTO egzaminy VALUES (526, '2008-10-10', 'praktyka', 9, 3);
INSERT INTO egzaminy VALUES (527, '2008-10-31', 'praktyka', 32, 12);
INSERT INTO egzaminy VALUES (528, '2008-10-03', 'teoria', 8, 4);
INSERT INTO egzaminy VALUES (529, '2008-10-10', 'praktyka', 24, 4);
INSERT INTO egzaminy VALUES (530, '2008-10-24', 'teoria', 20, 2);
INSERT INTO egzaminy VALUES (531, '2008-10-31', 'praktyka', 19, 7);
INSERT INTO egzaminy VALUES (532, '2008-11-21', 'praktyka', 24, 9);
INSERT INTO egzaminy VALUES (533, '2008-12-12', 'praktyka', 31, 1);
INSERT INTO egzaminy VALUES (534, '2010-09-09', 'teoria', 6, 1);
INSERT INTO egzaminy VALUES (535, '2010-09-16', 'praktyka', 15, 2);
INSERT INTO egzaminy VALUES (536, '2006-09-05', 'teoria', 4, 5);
INSERT INTO egzaminy VALUES (537, '2006-09-26', 'teoria', 17, 9);
INSERT INTO egzaminy VALUES (538, '2006-10-03', 'praktyka', 19, 16);
INSERT INTO egzaminy VALUES (539, '2006-10-24', 'praktyka', 23, 10);
INSERT INTO egzaminy VALUES (540, '2006-11-14', 'praktyka', 11, 11);
INSERT INTO egzaminy VALUES (541, '2011-05-05', 'teoria', 15, 11);
INSERT INTO egzaminy VALUES (542, '2011-05-26', 'teoria', 19, 4);
INSERT INTO egzaminy VALUES (543, '2011-06-02', 'praktyka', 29, 7);
INSERT INTO egzaminy VALUES (544, '2011-05-26', 'teoria', 10, 10);
INSERT INTO egzaminy VALUES (545, '2011-06-02', 'praktyka', 14, 6);
INSERT INTO egzaminy VALUES (546, '2011-06-23', 'praktyka', 20, 11);
INSERT INTO egzaminy VALUES (547, '2011-07-14', 'praktyka', 27, 9);
INSERT INTO egzaminy VALUES (548, '2011-06-16', 'teoria', 25, 11);
INSERT INTO egzaminy VALUES (549, '2011-06-23', 'praktyka', 27, 2);
INSERT INTO egzaminy VALUES (550, '2005-06-21', 'teoria', 10, 16);
INSERT INTO egzaminy VALUES (551, '2005-06-28', 'praktyka', 28, 11);
INSERT INTO egzaminy VALUES (552, '2005-07-19', 'praktyka', 31, 8);
INSERT INTO egzaminy VALUES (553, '2005-08-09', 'praktyka', 9, 9);
INSERT INTO egzaminy VALUES (554, '2005-07-12', 'teoria', 5, 8);
INSERT INTO egzaminy VALUES (555, '2005-07-19', 'praktyka', 32, 13);
INSERT INTO egzaminy VALUES (556, '2011-04-30', 'teoria', 7, 9);
INSERT INTO egzaminy VALUES (557, '2011-05-07', 'praktyka', 1, 11);
INSERT INTO egzaminy VALUES (558, '2011-05-28', 'praktyka', 3, 12);
INSERT INTO egzaminy VALUES (559, '2011-06-18', 'praktyka', 1, 5);
INSERT INTO egzaminy VALUES (560, '2014-05-21', 'teoria', 15, 11);
INSERT INTO egzaminy VALUES (561, '2014-06-18', 'praktyka', 11, 3);
INSERT INTO egzaminy VALUES (562, '2012-06-15', 'teoria', 5, 10);
INSERT INTO egzaminy VALUES (563, '2012-06-22', 'praktyka', 12, 12);
INSERT INTO egzaminy VALUES (564, '2012-07-13', 'praktyka', 28, 10);
INSERT INTO egzaminy VALUES (565, '2009-08-27', 'teoria', 17, 9);
INSERT INTO egzaminy VALUES (566, '2009-09-17', 'teoria', 23, 15);
INSERT INTO egzaminy VALUES (567, '2009-09-24', 'praktyka', 29, 2);
INSERT INTO egzaminy VALUES (568, '2014-03-06', 'teoria', 20, 2);
INSERT INTO egzaminy VALUES (569, '2014-03-13', 'praktyka', 32, 3);
INSERT INTO egzaminy VALUES (570, '2014-04-03', 'praktyka', 13, 13);
INSERT INTO egzaminy VALUES (571, '2014-04-24', 'praktyka', 24, 5);
INSERT INTO egzaminy VALUES (572, '2014-03-27', 'teoria', 26, 12);
INSERT INTO egzaminy VALUES (573, '2014-04-03', 'praktyka', 12, 7);
INSERT INTO egzaminy VALUES (574, '2014-04-24', 'praktyka', 22, 3);
INSERT INTO egzaminy VALUES (575, '2008-06-21', 'teoria', 28, 12);
INSERT INTO egzaminy VALUES (576, '2008-07-12', 'teoria', 2, 9);
INSERT INTO egzaminy VALUES (577, '2008-07-19', 'praktyka', 28, 14);
INSERT INTO egzaminy VALUES (578, '2008-08-09', 'praktyka', 28, 3);
INSERT INTO egzaminy VALUES (579, '2008-08-30', 'praktyka', 21, 16);
INSERT INTO wyniki_egzaminów VALUES (1, 1, 'nie stawił się');
INSERT INTO wyniki_egzaminów VALUES (2, 1, 'zdał');
INSERT INTO wyniki_egzaminów VALUES (3, 1, 'nie zdał');
INSERT INTO wyniki_egzaminów VALUES (4, 1, 'nie zdał');
INSERT INTO wyniki_egzaminów VALUES (5, 1, 'zdał');
INSERT INTO wyniki_egzaminów VALUES (6, 2, 'zdał');
INSERT INTO wyniki_egzaminów VALUES (7, 2, 'nie zdał');
INSERT INTO wyniki_egzaminów VALUES (8, 2, 'nie stawił się');
INSERT INTO wyniki_egzaminów VALUES (9, 2, 'zdał');
INSERT INTO wyniki_egzaminów VALUES (10, 3, 'nie stawił się');
INSERT INTO wyniki_egzaminów VALUES (11, 3, 'zdał');
INSERT INTO wyniki_egzaminów VALUES (12, 3, 'zdał');
INSERT INTO wyniki_egzaminów VALUES (13, 4, 'nie zdał');
INSERT INTO wyniki_egzaminów VALUES (14, 4, 'zdał');
INSERT INTO wyniki_egzaminów VALUES (15, 4, 'nie stawił się');
INSERT INTO wyniki_egzaminów VALUES (16, 4, 'nie zdał');
INSERT INTO wyniki_egzaminów VALUES (17, 4, 'zdał');
INSERT INTO wyniki_egzaminów VALUES (18, 4, 'zdał');
INSERT INTO wyniki_egzaminów VALUES (19, 4, 'nie zdał');
INSERT INTO wyniki_egzaminów VALUES (20, 4, 'zdał');
INSERT INTO wyniki_egzaminów VALUES (21, 5, 'nie stawił się');
INSERT INTO wyniki_egzaminów VALUES (22, 5, 'zdał');
INSERT INTO wyniki_egzaminów VALUES (23, 5, 'zdał');
INSERT INTO wyniki_egzaminów VALUES (24, 6, 'zdał');
INSERT INTO wyniki_egzaminów VALUES (25, 6, 'nie zdał');
INSERT INTO wyniki_egzaminów VALUES (26, 6, 'nie zdał');
INSERT INTO wyniki_egzaminów VALUES (27, 6, 'zdał');
INSERT INTO wyniki_egzaminów VALUES (28, 7, 'nie zdał');
INSERT INTO wyniki_egzaminów VALUES (29, 7, 'zdał');
INSERT INTO wyniki_egzaminów VALUES (30, 7, 'nie stawił się');
INSERT INTO wyniki_egzaminów VALUES (31, 7, 'nie stawił się');
INSERT INTO wyniki_egzaminów VALUES (32, 7, 'zdał');
INSERT INTO wyniki_egzaminów VALUES (33, 8, 'nie zdał');
INSERT INTO wyniki_egzaminów VALUES (34, 8, 'zdał');
INSERT INTO wyniki_egzaminów VALUES (35, 8, 'nie zdał');
INSERT INTO wyniki_egzaminów VALUES (36, 8, 'nie zdał');
INSERT INTO wyniki_egzaminów VALUES (37, 8, 'zdał');
INSERT INTO wyniki_egzaminów VALUES (38, 8, 'nie stawił się');
INSERT INTO wyniki_egzaminów VALUES (39, 8, 'zdał');
INSERT INTO wyniki_egzaminów VALUES (40, 8, 'nie zdał');
INSERT INTO wyniki_egzaminów VALUES (41, 8, 'nie zdał');
INSERT INTO wyniki_egzaminów VALUES (42, 8, 'zdał');
INSERT INTO wyniki_egzaminów VALUES (43, 8, 'nie zdał');
INSERT INTO wyniki_egzaminów VALUES (44, 8, 'zdał');
INSERT INTO wyniki_egzaminów VALUES (45, 8, 'nie zdał');
INSERT INTO wyniki_egzaminów VALUES (46, 8, 'nie zdał');
INSERT INTO wyniki_egzaminów VALUES (47, 8, 'zdał');
INSERT INTO wyniki_egzaminów VALUES (48, 8, 'zdał');
INSERT INTO wyniki_egzaminów VALUES (49, 8, 'nie zdał');
INSERT INTO wyniki_egzaminów VALUES (50, 8, 'zdał');
INSERT INTO wyniki_egzaminów VALUES (51, 9, 'nie zdał');
INSERT INTO wyniki_egzaminów VALUES (52, 9, 'zdał');
INSERT INTO wyniki_egzaminów VALUES (53, 9, 'nie zdał');
INSERT INTO wyniki_egzaminów VALUES (54, 9, 'zdał');
INSERT INTO wyniki_egzaminów VALUES (55, 10, 'zdał');
INSERT INTO wyniki_egzaminów VALUES (56, 10, 'zdał');
INSERT INTO wyniki_egzaminów VALUES (57, 11, 'zdał');
INSERT INTO wyniki_egzaminów VALUES (58, 11, 'nie stawił się');
INSERT INTO wyniki_egzaminów VALUES (59, 11, 'zdał');
INSERT INTO wyniki_egzaminów VALUES (60, 11, 'nie stawił się');
INSERT INTO wyniki_egzaminów VALUES (61, 11, 'zdał');
INSERT INTO wyniki_egzaminów VALUES (62, 11, 'zdał');
INSERT INTO wyniki_egzaminów VALUES (63, 11, 'zdał');
INSERT INTO wyniki_egzaminów VALUES (64, 11, 'nie stawił się');
INSERT INTO wyniki_egzaminów VALUES (65, 11, 'zdał');
INSERT INTO wyniki_egzaminów VALUES (66, 12, 'zdał');
INSERT INTO wyniki_egzaminów VALUES (67, 12, 'zdał');
INSERT INTO wyniki_egzaminów VALUES (68, 13, 'zdał');
INSERT INTO wyniki_egzaminów VALUES (69, 13, 'nie zdał');
INSERT INTO wyniki_egzaminów VALUES (70, 13, 'nie zdał');
INSERT INTO wyniki_egzaminów VALUES (71, 13, 'zdał');
INSERT INTO wyniki_egzaminów VALUES (72, 13, 'zdał');
INSERT INTO wyniki_egzaminów VALUES (73, 13, 'nie zdał');
INSERT INTO wyniki_egzaminów VALUES (74, 13, 'nie zdał');
INSERT INTO wyniki_egzaminów VALUES (75, 13, 'zdał');
INSERT INTO wyniki_egzaminów VALUES (76, 13, 'nie zdał');
INSERT INTO wyniki_egzaminów VALUES (77, 13, 'zdał');
INSERT INTO wyniki_egzaminów VALUES (78, 13, 'nie zdał');
INSERT INTO wyniki_egzaminów VALUES (79, 13, 'nie zdał');
INSERT INTO wyniki_egzaminów VALUES (80, 13, 'zdał');
INSERT INTO wyniki_egzaminów VALUES (81, 13, 'nie zdał');
INSERT INTO wyniki_egzaminów VALUES (82, 13, 'zdał');
INSERT INTO wyniki_egzaminów VALUES (83, 13, 'zdał');
INSERT INTO wyniki_egzaminów VALUES (84, 14, 'nie zdał');
INSERT INTO wyniki_egzaminów VALUES (85, 14, 'zdał');
INSERT INTO wyniki_egzaminów VALUES (86, 14, 'nie zdał');
INSERT INTO wyniki_egzaminów VALUES (87, 14, 'zdał');
INSERT INTO wyniki_egzaminów VALUES (88, 15, 'zdał');
INSERT INTO wyniki_egzaminów VALUES (89, 15, 'zdał');
INSERT INTO wyniki_egzaminów VALUES (90, 16, 'nie zdał');
INSERT INTO wyniki_egzaminów VALUES (91, 16, 'zdał');
INSERT INTO wyniki_egzaminów VALUES (92, 16, 'nie zdał');
INSERT INTO wyniki_egzaminów VALUES (93, 16, 'nie zdał');
INSERT INTO wyniki_egzaminów VALUES (94, 16, 'zdał');
INSERT INTO wyniki_egzaminów VALUES (95, 16, 'nie zdał');
INSERT INTO wyniki_egzaminów VALUES (96, 16, 'zdał');
INSERT INTO wyniki_egzaminów VALUES (97, 16, 'zdał');
INSERT INTO wyniki_egzaminów VALUES (98, 16, 'zdał');
INSERT INTO wyniki_egzaminów VALUES (99, 16, 'nie zdał');
INSERT INTO wyniki_egzaminów VALUES (100, 16, 'zdał');
INSERT INTO wyniki_egzaminów VALUES (101, 17, 'nie zdał');
INSERT INTO wyniki_egzaminów VALUES (102, 17, 'zdał');
INSERT INTO wyniki_egzaminów VALUES (103, 17, 'nie stawił się');
INSERT INTO wyniki_egzaminów VALUES (104, 17, 'nie stawił się');
INSERT INTO wyniki_egzaminów VALUES (105, 17, 'zdał');
INSERT INTO wyniki_egzaminów VALUES (106, 18, 'nie zdał');
INSERT INTO wyniki_egzaminów VALUES (107, 18, 'zdał');
INSERT INTO wyniki_egzaminów VALUES (108, 18, 'nie stawił się');
INSERT INTO wyniki_egzaminów VALUES (109, 18, 'nie zdał');
INSERT INTO wyniki_egzaminów VALUES (110, 18, 'zdał');
INSERT INTO wyniki_egzaminów VALUES (111, 19, 'nie stawił się');
INSERT INTO wyniki_egzaminów VALUES (112, 19, 'zdał');
INSERT INTO wyniki_egzaminów VALUES (113, 19, 'nie zdał');
INSERT INTO wyniki_egzaminów VALUES (114, 19, 'nie zdał');
INSERT INTO wyniki_egzaminów VALUES (115, 19, 'zdał');
INSERT INTO wyniki_egzaminów VALUES (116, 20, 'nie zdał');
INSERT INTO wyniki_egzaminów VALUES (117, 20, 'zdał');
INSERT INTO wyniki_egzaminów VALUES (118, 20, 'zdał');
INSERT INTO wyniki_egzaminów VALUES (119, 20, 'zdał');
INSERT INTO wyniki_egzaminów VALUES (120, 20, 'nie zdał');
INSERT INTO wyniki_egzaminów VALUES (121, 20, 'nie zdał');
INSERT INTO wyniki_egzaminów VALUES (122, 20, 'zdał');
INSERT INTO wyniki_egzaminów VALUES (123, 21, 'nie zdał');
INSERT INTO wyniki_egzaminów VALUES (124, 21, 'zdał');
INSERT INTO wyniki_egzaminów VALUES (125, 21, 'zdał');
INSERT INTO wyniki_egzaminów VALUES (126, 21, 'nie zdał');
INSERT INTO wyniki_egzaminów VALUES (127, 21, 'zdał');
INSERT INTO wyniki_egzaminów VALUES (128, 21, 'nie zdał');
INSERT INTO wyniki_egzaminów VALUES (129, 21, 'zdał');
INSERT INTO wyniki_egzaminów VALUES (130, 21, 'nie stawił się');
INSERT INTO wyniki_egzaminów VALUES (131, 21, 'zdał');
INSERT INTO wyniki_egzaminów VALUES (132, 21, 'zdał');
INSERT INTO wyniki_egzaminów VALUES (133, 21, 'nie zdał');
INSERT INTO wyniki_egzaminów VALUES (134, 21, 'zdał');
INSERT INTO wyniki_egzaminów VALUES (135, 21, 'zdał');
INSERT INTO wyniki_egzaminów VALUES (136, 22, 'zdał');
INSERT INTO wyniki_egzaminów VALUES (137, 22, 'nie zdał');
INSERT INTO wyniki_egzaminów VALUES (138, 22, 'zdał');
INSERT INTO wyniki_egzaminów VALUES (139, 23, 'nie zdał');
INSERT INTO wyniki_egzaminów VALUES (140, 23, 'zdał');
INSERT INTO wyniki_egzaminów VALUES (141, 23, 'nie stawił się');
INSERT INTO wyniki_egzaminów VALUES (142, 23, 'zdał');
INSERT INTO wyniki_egzaminów VALUES (143, 24, 'nie zdał');
INSERT INTO wyniki_egzaminów VALUES (144, 24, 'zdał');
INSERT INTO wyniki_egzaminów VALUES (145, 24, 'nie stawił się');
INSERT INTO wyniki_egzaminów VALUES (146, 24, 'zdał');
INSERT INTO wyniki_egzaminów VALUES (147, 25, 'zdał');
INSERT INTO wyniki_egzaminów VALUES (148, 25, 'nie zdał');
INSERT INTO wyniki_egzaminów VALUES (149, 25, 'nie stawił się');
INSERT INTO wyniki_egzaminów VALUES (150, 25, 'zdał');
INSERT INTO wyniki_egzaminów VALUES (151, 25, 'zdał');
INSERT INTO wyniki_egzaminów VALUES (152, 25, 'nie zdał');
INSERT INTO wyniki_egzaminów VALUES (153, 25, 'nie zdał');
INSERT INTO wyniki_egzaminów VALUES (154, 25, 'zdał');
INSERT INTO wyniki_egzaminów VALUES (155, 25, 'zdał');
INSERT INTO wyniki_egzaminów VALUES (156, 25, 'zdał');
INSERT INTO wyniki_egzaminów VALUES (157, 26, 'zdał');
INSERT INTO wyniki_egzaminów VALUES (158, 26, 'zdał');
INSERT INTO wyniki_egzaminów VALUES (159, 27, 'nie zdał');
INSERT INTO wyniki_egzaminów VALUES (160, 27, 'zdał');
INSERT INTO wyniki_egzaminów VALUES (161, 27, 'nie zdał');
INSERT INTO wyniki_egzaminów VALUES (162, 27, 'nie zdał');
INSERT INTO wyniki_egzaminów VALUES (163, 27, 'zdał');
INSERT INTO wyniki_egzaminów VALUES (164, 28, 'zdał');
INSERT INTO wyniki_egzaminów VALUES (165, 28, 'zdał');
INSERT INTO wyniki_egzaminów VALUES (166, 29, 'nie zdał');
INSERT INTO wyniki_egzaminów VALUES (167, 29, 'zdał');
INSERT INTO wyniki_egzaminów VALUES (168, 29, 'nie zdał');
INSERT INTO wyniki_egzaminów VALUES (169, 29, 'nie zdał');
INSERT INTO wyniki_egzaminów VALUES (170, 29, 'zdał');
INSERT INTO wyniki_egzaminów VALUES (171, 30, 'zdał');
INSERT INTO wyniki_egzaminów VALUES (172, 30, 'zdał');
INSERT INTO wyniki_egzaminów VALUES (173, 31, 'zdał');
INSERT INTO wyniki_egzaminów VALUES (174, 31, 'nie stawił się');
INSERT INTO wyniki_egzaminów VALUES (175, 31, 'zdał');
INSERT INTO wyniki_egzaminów VALUES (176, 32, 'zdał');
INSERT INTO wyniki_egzaminów VALUES (177, 32, 'nie zdał');
INSERT INTO wyniki_egzaminów VALUES (178, 32, 'zdał');
INSERT INTO wyniki_egzaminów VALUES (179, 33, 'nie zdał');
INSERT INTO wyniki_egzaminów VALUES (180, 33, 'zdał');
INSERT INTO wyniki_egzaminów VALUES (181, 33, 'zdał');
INSERT INTO wyniki_egzaminów VALUES (182, 34, 'zdał');
INSERT INTO wyniki_egzaminów VALUES (183, 34, 'nie zdał');
INSERT INTO wyniki_egzaminów VALUES (184, 34, 'zdał');
INSERT INTO wyniki_egzaminów VALUES (185, 35, 'nie zdał');
INSERT INTO wyniki_egzaminów VALUES (186, 35, 'zdał');
INSERT INTO wyniki_egzaminów VALUES (187, 35, 'zdał');
INSERT INTO wyniki_egzaminów VALUES (188, 35, 'nie zdał');
INSERT INTO wyniki_egzaminów VALUES (189, 35, 'zdał');
INSERT INTO wyniki_egzaminów VALUES (190, 35, 'zdał');
INSERT INTO wyniki_egzaminów VALUES (191, 36, 'nie stawił się');
INSERT INTO wyniki_egzaminów VALUES (192, 36, 'zdał');
INSERT INTO wyniki_egzaminów VALUES (193, 36, 'nie zdał');
INSERT INTO wyniki_egzaminów VALUES (194, 36, 'zdał');
INSERT INTO wyniki_egzaminów VALUES (195, 37, 'zdał');
INSERT INTO wyniki_egzaminów VALUES (196, 37, 'nie zdał');
INSERT INTO wyniki_egzaminów VALUES (197, 37, 'zdał');
INSERT INTO wyniki_egzaminów VALUES (198, 37, 'zdał');
INSERT INTO wyniki_egzaminów VALUES (199, 37, 'nie stawił się');
INSERT INTO wyniki_egzaminów VALUES (200, 37, 'zdał');
INSERT INTO wyniki_egzaminów VALUES (201, 38, 'nie stawił się');
INSERT INTO wyniki_egzaminów VALUES (202, 38, 'zdał');
INSERT INTO wyniki_egzaminów VALUES (203, 38, 'zdał');
INSERT INTO wyniki_egzaminów VALUES (204, 39, 'nie zdał');
INSERT INTO wyniki_egzaminów VALUES (205, 39, 'zdał');
INSERT INTO wyniki_egzaminów VALUES (206, 39, 'zdał');
INSERT INTO wyniki_egzaminów VALUES (207, 40, 'zdał');
INSERT INTO wyniki_egzaminów VALUES (208, 40, 'nie zdał');
INSERT INTO wyniki_egzaminów VALUES (209, 40, 'zdał');
INSERT INTO wyniki_egzaminów VALUES (210, 40, 'zdał');
INSERT INTO wyniki_egzaminów VALUES (211, 40, 'nie stawił się');
INSERT INTO wyniki_egzaminów VALUES (212, 40, 'zdał');
INSERT INTO wyniki_egzaminów VALUES (213, 40, 'nie stawił się');
INSERT INTO wyniki_egzaminów VALUES (214, 40, 'zdał');
INSERT INTO wyniki_egzaminów VALUES (215, 40, 'nie zdał');
INSERT INTO wyniki_egzaminów VALUES (216, 40, 'zdał');
INSERT INTO wyniki_egzaminów VALUES (217, 40, 'zdał');
INSERT INTO wyniki_egzaminów VALUES (218, 40, 'nie stawił się');
INSERT INTO wyniki_egzaminów VALUES (219, 40, 'zdał');
INSERT INTO wyniki_egzaminów VALUES (220, 41, 'zdał');
INSERT INTO wyniki_egzaminów VALUES (221, 41, 'nie zdał');
INSERT INTO wyniki_egzaminów VALUES (222, 41, 'nie zdał');
INSERT INTO wyniki_egzaminów VALUES (223, 41, 'zdał');
INSERT INTO wyniki_egzaminów VALUES (224, 42, 'zdał');
INSERT INTO wyniki_egzaminów VALUES (225, 42, 'nie zdał');
INSERT INTO wyniki_egzaminów VALUES (226, 42, 'nie stawił się');
INSERT INTO wyniki_egzaminów VALUES (227, 42, 'zdał');
INSERT INTO wyniki_egzaminów VALUES (228, 43, 'nie zdał');
INSERT INTO wyniki_egzaminów VALUES (229, 43, 'zdał');
INSERT INTO wyniki_egzaminów VALUES (230, 43, 'nie stawił się');
INSERT INTO wyniki_egzaminów VALUES (231, 43, 'nie zdał');
INSERT INTO wyniki_egzaminów VALUES (232, 43, 'zdał');
INSERT INTO wyniki_egzaminów VALUES (233, 44, 'nie zdał');
INSERT INTO wyniki_egzaminów VALUES (234, 44, 'zdał');
INSERT INTO wyniki_egzaminów VALUES (235, 44, 'nie zdał');
INSERT INTO wyniki_egzaminów VALUES (236, 44, 'zdał');
INSERT INTO wyniki_egzaminów VALUES (237, 44, 'zdał');
INSERT INTO wyniki_egzaminów VALUES (238, 44, 'zdał');
INSERT INTO wyniki_egzaminów VALUES (239, 45, 'zdał');
INSERT INTO wyniki_egzaminów VALUES (240, 45, 'nie zdał');
INSERT INTO wyniki_egzaminów VALUES (241, 45, 'zdał');
INSERT INTO wyniki_egzaminów VALUES (242, 46, 'nie zdał');
INSERT INTO wyniki_egzaminów VALUES (243, 46, 'zdał');
INSERT INTO wyniki_egzaminów VALUES (244, 46, 'nie zdał');
INSERT INTO wyniki_egzaminów VALUES (245, 46, 'nie zdał');
INSERT INTO wyniki_egzaminów VALUES (246, 46, 'zdał');
INSERT INTO wyniki_egzaminów VALUES (247, 47, 'zdał');
INSERT INTO wyniki_egzaminów VALUES (248, 47, 'zdał');
INSERT INTO wyniki_egzaminów VALUES (249, 47, 'zdał');
INSERT INTO wyniki_egzaminów VALUES (250, 47, 'nie zdał');
INSERT INTO wyniki_egzaminów VALUES (251, 47, 'nie zdał');
INSERT INTO wyniki_egzaminów VALUES (252, 47, 'zdał');
INSERT INTO wyniki_egzaminów VALUES (253, 48, 'zdał');
INSERT INTO wyniki_egzaminów VALUES (254, 48, 'nie zdał');
INSERT INTO wyniki_egzaminów VALUES (255, 48, 'nie stawił się');
INSERT INTO wyniki_egzaminów VALUES (256, 48, 'zdał');
INSERT INTO wyniki_egzaminów VALUES (257, 49, 'nie zdał');
INSERT INTO wyniki_egzaminów VALUES (258, 49, 'zdał');
INSERT INTO wyniki_egzaminów VALUES (259, 49, 'nie zdał');
INSERT INTO wyniki_egzaminów VALUES (260, 49, 'zdał');
INSERT INTO wyniki_egzaminów VALUES (261, 49, 'nie zdał');
INSERT INTO wyniki_egzaminów VALUES (262, 49, 'zdał');
INSERT INTO wyniki_egzaminów VALUES (263, 49, 'nie zdał');
INSERT INTO wyniki_egzaminów VALUES (264, 49, 'nie stawił się');
INSERT INTO wyniki_egzaminów VALUES (265, 49, 'zdał');
INSERT INTO wyniki_egzaminów VALUES (266, 50, 'nie zdał');
INSERT INTO wyniki_egzaminów VALUES (267, 50, 'zdał');
INSERT INTO wyniki_egzaminów VALUES (268, 50, 'nie zdał');
INSERT INTO wyniki_egzaminów VALUES (269, 50, 'zdał');
INSERT INTO wyniki_egzaminów VALUES (270, 50, 'zdał');
INSERT INTO wyniki_egzaminów VALUES (271, 50, 'nie stawił się');
INSERT INTO wyniki_egzaminów VALUES (272, 50, 'zdał');
INSERT INTO wyniki_egzaminów VALUES (273, 51, 'zdał');
INSERT INTO wyniki_egzaminów VALUES (274, 51, 'nie zdał');
INSERT INTO wyniki_egzaminów VALUES (275, 51, 'zdał');
INSERT INTO wyniki_egzaminów VALUES (276, 52, 'nie zdał');
INSERT INTO wyniki_egzaminów VALUES (277, 52, 'zdał');
INSERT INTO wyniki_egzaminów VALUES (278, 52, 'nie zdał');
INSERT INTO wyniki_egzaminów VALUES (279, 52, 'zdał');
INSERT INTO wyniki_egzaminów VALUES (280, 53, 'zdał');
INSERT INTO wyniki_egzaminów VALUES (281, 53, 'nie zdał');
INSERT INTO wyniki_egzaminów VALUES (282, 53, 'nie zdał');
INSERT INTO wyniki_egzaminów VALUES (283, 53, 'zdał');
INSERT INTO wyniki_egzaminów VALUES (2, 54, 'nie stawił się');
INSERT INTO wyniki_egzaminów VALUES (284, 54, 'zdał');
INSERT INTO wyniki_egzaminów VALUES (4, 54, 'zdał');
INSERT INTO wyniki_egzaminów VALUES (285, 54, 'zdał');
INSERT INTO wyniki_egzaminów VALUES (286, 54, 'zdał');
INSERT INTO wyniki_egzaminów VALUES (287, 55, 'nie zdał');
INSERT INTO wyniki_egzaminów VALUES (288, 55, 'zdał');
INSERT INTO wyniki_egzaminów VALUES (289, 55, 'nie stawił się');
INSERT INTO wyniki_egzaminów VALUES (290, 55, 'zdał');
INSERT INTO wyniki_egzaminów VALUES (291, 55, 'zdał');
INSERT INTO wyniki_egzaminów VALUES (292, 55, 'zdał');
INSERT INTO wyniki_egzaminów VALUES (66, 56, 'nie zdał');
INSERT INTO wyniki_egzaminów VALUES (293, 56, 'zdał');
INSERT INTO wyniki_egzaminów VALUES (294, 56, 'nie zdał');
INSERT INTO wyniki_egzaminów VALUES (295, 56, 'zdał');
INSERT INTO wyniki_egzaminów VALUES (296, 57, 'nie zdał');
INSERT INTO wyniki_egzaminów VALUES (297, 57, 'zdał');
INSERT INTO wyniki_egzaminów VALUES (298, 57, 'nie stawił się');
INSERT INTO wyniki_egzaminów VALUES (299, 57, 'zdał');
INSERT INTO wyniki_egzaminów VALUES (300, 57, 'nie zdał');
INSERT INTO wyniki_egzaminów VALUES (301, 57, 'zdał');
INSERT INTO wyniki_egzaminów VALUES (302, 57, 'zdał');
INSERT INTO wyniki_egzaminów VALUES (303, 57, 'nie stawił się');
INSERT INTO wyniki_egzaminów VALUES (304, 57, 'zdał');
INSERT INTO wyniki_egzaminów VALUES (305, 57, 'nie stawił się');
INSERT INTO wyniki_egzaminów VALUES (306, 57, 'zdał');
INSERT INTO wyniki_egzaminów VALUES (307, 57, 'nie zdał');
INSERT INTO wyniki_egzaminów VALUES (308, 57, 'zdał');
INSERT INTO wyniki_egzaminów VALUES (309, 57, 'zdał');
INSERT INTO wyniki_egzaminów VALUES (310, 58, 'zdał');
INSERT INTO wyniki_egzaminów VALUES (311, 58, 'nie zdał');
INSERT INTO wyniki_egzaminów VALUES (312, 58, 'zdał');
INSERT INTO wyniki_egzaminów VALUES (313, 58, 'nie zdał');
INSERT INTO wyniki_egzaminów VALUES (314, 58, 'zdał');
INSERT INTO wyniki_egzaminów VALUES (315, 58, 'nie stawił się');
INSERT INTO wyniki_egzaminów VALUES (316, 58, 'nie zdał');
INSERT INTO wyniki_egzaminów VALUES (317, 58, 'zdał');
INSERT INTO wyniki_egzaminów VALUES (318, 58, 'nie stawił się');
INSERT INTO wyniki_egzaminów VALUES (319, 58, 'zdał');
INSERT INTO wyniki_egzaminów VALUES (320, 58, 'zdał');
INSERT INTO wyniki_egzaminów VALUES (321, 58, 'nie stawił się');
INSERT INTO wyniki_egzaminów VALUES (322, 58, 'zdał');
INSERT INTO wyniki_egzaminów VALUES (323, 58, 'nie zdał');
INSERT INTO wyniki_egzaminów VALUES (324, 58, 'nie zdał');
INSERT INTO wyniki_egzaminów VALUES (325, 58, 'zdał');
INSERT INTO wyniki_egzaminów VALUES (326, 59, 'zdał');
INSERT INTO wyniki_egzaminów VALUES (327, 59, 'nie zdał');
INSERT INTO wyniki_egzaminów VALUES (328, 59, 'nie zdał');
INSERT INTO wyniki_egzaminów VALUES (329, 59, 'zdał');
INSERT INTO wyniki_egzaminów VALUES (330, 60, 'zdał');
INSERT INTO wyniki_egzaminów VALUES (331, 60, 'nie zdał');
INSERT INTO wyniki_egzaminów VALUES (332, 60, 'nie stawił się');
INSERT INTO wyniki_egzaminów VALUES (333, 60, 'zdał');
INSERT INTO wyniki_egzaminów VALUES (334, 61, 'nie zdał');
INSERT INTO wyniki_egzaminów VALUES (335, 61, 'zdał');
INSERT INTO wyniki_egzaminów VALUES (336, 61, 'nie zdał');
INSERT INTO wyniki_egzaminów VALUES (337, 61, 'nie stawił się');
INSERT INTO wyniki_egzaminów VALUES (338, 61, 'zdał');
INSERT INTO wyniki_egzaminów VALUES (339, 61, 'zdał');
INSERT INTO wyniki_egzaminów VALUES (340, 61, 'zdał');
INSERT INTO wyniki_egzaminów VALUES (341, 62, 'zdał');
INSERT INTO wyniki_egzaminów VALUES (342, 62, 'nie zdał');
INSERT INTO wyniki_egzaminów VALUES (343, 62, 'nie zdał');
INSERT INTO wyniki_egzaminów VALUES (344, 62, 'zdał');
INSERT INTO wyniki_egzaminów VALUES (345, 63, 'zdał');
INSERT INTO wyniki_egzaminów VALUES (346, 63, 'nie zdał');
INSERT INTO wyniki_egzaminów VALUES (347, 63, 'nie zdał');
INSERT INTO wyniki_egzaminów VALUES (348, 63, 'zdał');
INSERT INTO wyniki_egzaminów VALUES (349, 64, 'nie zdał');
INSERT INTO wyniki_egzaminów VALUES (350, 64, 'zdał');
INSERT INTO wyniki_egzaminów VALUES (351, 64, 'nie zdał');
INSERT INTO wyniki_egzaminów VALUES (352, 64, 'nie zdał');
INSERT INTO wyniki_egzaminów VALUES (353, 64, 'zdał');
INSERT INTO wyniki_egzaminów VALUES (354, 65, 'nie stawił się');
INSERT INTO wyniki_egzaminów VALUES (355, 65, 'zdał');
INSERT INTO wyniki_egzaminów VALUES (356, 65, 'nie stawił się');
INSERT INTO wyniki_egzaminów VALUES (357, 65, 'zdał');
INSERT INTO wyniki_egzaminów VALUES (358, 65, 'nie zdał');
INSERT INTO wyniki_egzaminów VALUES (359, 65, 'zdał');
INSERT INTO wyniki_egzaminów VALUES (360, 65, 'nie stawił się');
INSERT INTO wyniki_egzaminów VALUES (361, 65, 'nie zdał');
INSERT INTO wyniki_egzaminów VALUES (362, 65, 'zdał');
INSERT INTO wyniki_egzaminów VALUES (363, 66, 'zdał');
INSERT INTO wyniki_egzaminów VALUES (364, 66, 'zdał');
INSERT INTO wyniki_egzaminów VALUES (365, 67, 'zdał');
INSERT INTO wyniki_egzaminów VALUES (366, 67, 'nie zdał');
INSERT INTO wyniki_egzaminów VALUES (367, 67, 'zdał');
INSERT INTO wyniki_egzaminów VALUES (368, 68, 'nie zdał');
INSERT INTO wyniki_egzaminów VALUES (369, 68, 'zdał');
INSERT INTO wyniki_egzaminów VALUES (370, 68, 'nie zdał');
INSERT INTO wyniki_egzaminów VALUES (331, 68, 'zdał');
INSERT INTO wyniki_egzaminów VALUES (371, 69, 'nie zdał');
INSERT INTO wyniki_egzaminów VALUES (372, 69, 'zdał');
INSERT INTO wyniki_egzaminów VALUES (373, 69, 'nie zdał');
INSERT INTO wyniki_egzaminów VALUES (374, 69, 'nie zdał');
INSERT INTO wyniki_egzaminów VALUES (375, 69, 'zdał');
INSERT INTO wyniki_egzaminów VALUES (376, 70, 'nie zdał');
INSERT INTO wyniki_egzaminów VALUES (377, 70, 'zdał');
INSERT INTO wyniki_egzaminów VALUES (378, 70, 'nie zdał');
INSERT INTO wyniki_egzaminów VALUES (379, 70, 'nie zdał');
INSERT INTO wyniki_egzaminów VALUES (380, 70, 'zdał');
INSERT INTO wyniki_egzaminów VALUES (381, 70, 'zdał');
INSERT INTO wyniki_egzaminów VALUES (382, 70, 'zdał');
INSERT INTO wyniki_egzaminów VALUES (383, 70, 'nie zdał');
INSERT INTO wyniki_egzaminów VALUES (384, 70, 'zdał');
INSERT INTO wyniki_egzaminów VALUES (385, 70, 'zdał');
INSERT INTO wyniki_egzaminów VALUES (386, 71, 'zdał');
INSERT INTO wyniki_egzaminów VALUES (387, 71, 'zdał');
INSERT INTO wyniki_egzaminów VALUES (388, 71, 'nie stawił się');
INSERT INTO wyniki_egzaminów VALUES (389, 71, 'zdał');
INSERT INTO wyniki_egzaminów VALUES (390, 71, 'zdał');
INSERT INTO wyniki_egzaminów VALUES (391, 71, 'nie zdał');
INSERT INTO wyniki_egzaminów VALUES (392, 71, 'zdał');
INSERT INTO wyniki_egzaminów VALUES (393, 71, 'zdał');
INSERT INTO wyniki_egzaminów VALUES (394, 71, 'zdał');
INSERT INTO wyniki_egzaminów VALUES (395, 71, 'nie stawił się');
INSERT INTO wyniki_egzaminów VALUES (396, 71, 'nie zdał');
INSERT INTO wyniki_egzaminów VALUES (397, 71, 'zdał');
INSERT INTO wyniki_egzaminów VALUES (398, 72, 'zdał');
INSERT INTO wyniki_egzaminów VALUES (399, 72, 'zdał');
INSERT INTO wyniki_egzaminów VALUES (400, 73, 'zdał');
INSERT INTO wyniki_egzaminów VALUES (401, 73, 'nie stawił się');
INSERT INTO wyniki_egzaminów VALUES (402, 73, 'nie stawił się');
INSERT INTO wyniki_egzaminów VALUES (403, 73, 'zdał');
INSERT INTO wyniki_egzaminów VALUES (404, 74, 'nie zdał');
INSERT INTO wyniki_egzaminów VALUES (405, 74, 'zdał');
INSERT INTO wyniki_egzaminów VALUES (406, 74, 'nie zdał');
INSERT INTO wyniki_egzaminów VALUES (407, 74, 'nie stawił się');
INSERT INTO wyniki_egzaminów VALUES (408, 74, 'zdał');
INSERT INTO wyniki_egzaminów VALUES (409, 75, 'zdał');
INSERT INTO wyniki_egzaminów VALUES (410, 75, 'zdał');
INSERT INTO wyniki_egzaminów VALUES (411, 75, 'zdał');
INSERT INTO wyniki_egzaminów VALUES (412, 75, 'nie stawił się');
INSERT INTO wyniki_egzaminów VALUES (413, 75, 'zdał');
INSERT INTO wyniki_egzaminów VALUES (414, 75, 'zdał');
INSERT INTO wyniki_egzaminów VALUES (415, 75, 'nie zdał');
INSERT INTO wyniki_egzaminów VALUES (416, 75, 'zdał');
INSERT INTO wyniki_egzaminów VALUES (417, 75, 'zdał');
INSERT INTO wyniki_egzaminów VALUES (418, 75, 'nie zdał');
INSERT INTO wyniki_egzaminów VALUES (419, 75, 'zdał');
INSERT INTO wyniki_egzaminów VALUES (420, 76, 'zdał');
INSERT INTO wyniki_egzaminów VALUES (421, 76, 'nie zdał');
INSERT INTO wyniki_egzaminów VALUES (422, 76, 'nie zdał');
INSERT INTO wyniki_egzaminów VALUES (423, 76, 'zdał');
INSERT INTO wyniki_egzaminów VALUES (424, 76, 'zdał');
INSERT INTO wyniki_egzaminów VALUES (425, 76, 'nie stawił się');
INSERT INTO wyniki_egzaminów VALUES (426, 76, 'nie zdał');
INSERT INTO wyniki_egzaminów VALUES (427, 76, 'zdał');
INSERT INTO wyniki_egzaminów VALUES (428, 76, 'nie zdał');
INSERT INTO wyniki_egzaminów VALUES (429, 76, 'zdał');
INSERT INTO wyniki_egzaminów VALUES (430, 76, 'nie zdał');
INSERT INTO wyniki_egzaminów VALUES (431, 76, 'nie zdał');
INSERT INTO wyniki_egzaminów VALUES (281, 76, 'zdał');
INSERT INTO wyniki_egzaminów VALUES (432, 77, 'nie zdał');
INSERT INTO wyniki_egzaminów VALUES (433, 77, 'zdał');
INSERT INTO wyniki_egzaminów VALUES (434, 77, 'nie stawił się');
INSERT INTO wyniki_egzaminów VALUES (435, 77, 'zdał');
INSERT INTO wyniki_egzaminów VALUES (436, 77, 'nie stawił się');
INSERT INTO wyniki_egzaminów VALUES (437, 77, 'zdał');
INSERT INTO wyniki_egzaminów VALUES (438, 77, 'nie zdał');
INSERT INTO wyniki_egzaminów VALUES (439, 77, 'nie zdał');
INSERT INTO wyniki_egzaminów VALUES (440, 77, 'zdał');
INSERT INTO wyniki_egzaminów VALUES (441, 78, 'zdał');
INSERT INTO wyniki_egzaminów VALUES (442, 78, 'nie zdał');
INSERT INTO wyniki_egzaminów VALUES (443, 78, 'zdał');
INSERT INTO wyniki_egzaminów VALUES (444, 78, 'zdał');
INSERT INTO wyniki_egzaminów VALUES (445, 78, 'nie zdał');
INSERT INTO wyniki_egzaminów VALUES (446, 78, 'zdał');
INSERT INTO wyniki_egzaminów VALUES (447, 79, 'zdał');
INSERT INTO wyniki_egzaminów VALUES (448, 79, 'nie zdał');
INSERT INTO wyniki_egzaminów VALUES (449, 79, 'zdał');
INSERT INTO wyniki_egzaminów VALUES (450, 79, 'zdał');
INSERT INTO wyniki_egzaminów VALUES (451, 79, 'nie zdał');
INSERT INTO wyniki_egzaminów VALUES (452, 79, 'zdał');
INSERT INTO wyniki_egzaminów VALUES (453, 79, 'zdał');
INSERT INTO wyniki_egzaminów VALUES (454, 79, 'zdał');
INSERT INTO wyniki_egzaminów VALUES (455, 79, 'zdał');
INSERT INTO wyniki_egzaminów VALUES (456, 79, 'zdał');
INSERT INTO wyniki_egzaminów VALUES (457, 80, 'zdał');
INSERT INTO wyniki_egzaminów VALUES (458, 80, 'nie zdał');
INSERT INTO wyniki_egzaminów VALUES (459, 80, 'nie zdał');
INSERT INTO wyniki_egzaminów VALUES (460, 80, 'zdał');
INSERT INTO wyniki_egzaminów VALUES (461, 80, 'zdał');
INSERT INTO wyniki_egzaminów VALUES (462, 80, 'zdał');
INSERT INTO wyniki_egzaminów VALUES (463, 81, 'nie zdał');
INSERT INTO wyniki_egzaminów VALUES (464, 81, 'zdał');
INSERT INTO wyniki_egzaminów VALUES (465, 81, 'nie zdał');
INSERT INTO wyniki_egzaminów VALUES (466, 81, 'nie zdał');
INSERT INTO wyniki_egzaminów VALUES (467, 81, 'zdał');
INSERT INTO wyniki_egzaminów VALUES (468, 82, 'nie zdał');
INSERT INTO wyniki_egzaminów VALUES (469, 82, 'zdał');
INSERT INTO wyniki_egzaminów VALUES (470, 82, 'nie stawił się');
INSERT INTO wyniki_egzaminów VALUES (471, 82, 'nie zdał');
INSERT INTO wyniki_egzaminów VALUES (472, 82, 'zdał');
INSERT INTO wyniki_egzaminów VALUES (473, 83, 'nie stawił się');
INSERT INTO wyniki_egzaminów VALUES (474, 83, 'zdał');
INSERT INTO wyniki_egzaminów VALUES (475, 83, 'nie zdał');
INSERT INTO wyniki_egzaminów VALUES (476, 83, 'zdał');
INSERT INTO wyniki_egzaminów VALUES (477, 84, 'nie stawił się');
INSERT INTO wyniki_egzaminów VALUES (478, 84, 'zdał');
INSERT INTO wyniki_egzaminów VALUES (232, 84, 'nie zdał');
INSERT INTO wyniki_egzaminów VALUES (479, 84, 'nie zdał');
INSERT INTO wyniki_egzaminów VALUES (480, 84, 'zdał');
INSERT INTO wyniki_egzaminów VALUES (481, 85, 'nie zdał');
INSERT INTO wyniki_egzaminów VALUES (482, 85, 'zdał');
INSERT INTO wyniki_egzaminów VALUES (483, 85, 'nie zdał');
INSERT INTO wyniki_egzaminów VALUES (484, 85, 'nie zdał');
INSERT INTO wyniki_egzaminów VALUES (485, 85, 'zdał');
INSERT INTO wyniki_egzaminów VALUES (486, 86, 'nie zdał');
INSERT INTO wyniki_egzaminów VALUES (487, 86, 'zdał');
INSERT INTO wyniki_egzaminów VALUES (488, 86, 'nie stawił się');
INSERT INTO wyniki_egzaminów VALUES (489, 86, 'nie zdał');
INSERT INTO wyniki_egzaminów VALUES (490, 86, 'zdał');
INSERT INTO wyniki_egzaminów VALUES (491, 87, 'zdał');
INSERT INTO wyniki_egzaminów VALUES (492, 87, 'nie zdał');
INSERT INTO wyniki_egzaminów VALUES (493, 87, 'nie zdał');
INSERT INTO wyniki_egzaminów VALUES (494, 87, 'zdał');
INSERT INTO wyniki_egzaminów VALUES (495, 87, 'zdał');
INSERT INTO wyniki_egzaminów VALUES (496, 87, 'zdał');
INSERT INTO wyniki_egzaminów VALUES (497, 88, 'nie stawił się');
INSERT INTO wyniki_egzaminów VALUES (498, 88, 'zdał');
INSERT INTO wyniki_egzaminów VALUES (499, 88, 'nie zdał');
INSERT INTO wyniki_egzaminów VALUES (500, 88, 'zdał');
INSERT INTO wyniki_egzaminów VALUES (501, 88, 'nie stawił się');
INSERT INTO wyniki_egzaminów VALUES (502, 88, 'zdał');
INSERT INTO wyniki_egzaminów VALUES (503, 88, 'nie zdał');
INSERT INTO wyniki_egzaminów VALUES (504, 88, 'zdał');
INSERT INTO wyniki_egzaminów VALUES (505, 88, 'zdał');
INSERT INTO wyniki_egzaminów VALUES (506, 88, 'nie zdał');
INSERT INTO wyniki_egzaminów VALUES (507, 88, 'nie stawił się');
INSERT INTO wyniki_egzaminów VALUES (508, 88, 'zdał');
INSERT INTO wyniki_egzaminów VALUES (509, 88, 'zdał');
INSERT INTO wyniki_egzaminów VALUES (510, 88, 'nie zdał');
INSERT INTO wyniki_egzaminów VALUES (511, 88, 'nie stawił się');
INSERT INTO wyniki_egzaminów VALUES (512, 88, 'zdał');
INSERT INTO wyniki_egzaminów VALUES (513, 89, 'nie zdał');
INSERT INTO wyniki_egzaminów VALUES (514, 89, 'zdał');
INSERT INTO wyniki_egzaminów VALUES (515, 89, 'zdał');
INSERT INTO wyniki_egzaminów VALUES (516, 89, 'zdał');
INSERT INTO wyniki_egzaminów VALUES (517, 89, 'nie zdał');
INSERT INTO wyniki_egzaminów VALUES (518, 89, 'nie zdał');
INSERT INTO wyniki_egzaminów VALUES (519, 89, 'zdał');
INSERT INTO wyniki_egzaminów VALUES (520, 90, 'zdał');
INSERT INTO wyniki_egzaminów VALUES (521, 90, 'nie zdał');
INSERT INTO wyniki_egzaminów VALUES (522, 90, 'nie zdał');
INSERT INTO wyniki_egzaminów VALUES (523, 90, 'zdał');
INSERT INTO wyniki_egzaminów VALUES (524, 90, 'zdał');
INSERT INTO wyniki_egzaminów VALUES (525, 90, 'nie zdał');
INSERT INTO wyniki_egzaminów VALUES (526, 90, 'nie stawił się');
INSERT INTO wyniki_egzaminów VALUES (527, 90, 'zdał');
INSERT INTO wyniki_egzaminów VALUES (528, 90, 'zdał');
INSERT INTO wyniki_egzaminów VALUES (529, 90, 'zdał');
INSERT INTO wyniki_egzaminów VALUES (530, 90, 'zdał');
INSERT INTO wyniki_egzaminów VALUES (531, 90, 'nie zdał');
INSERT INTO wyniki_egzaminów VALUES (532, 90, 'nie zdał');
INSERT INTO wyniki_egzaminów VALUES (533, 90, 'zdał');
INSERT INTO wyniki_egzaminów VALUES (534, 91, 'zdał');
INSERT INTO wyniki_egzaminów VALUES (535, 91, 'zdał');
INSERT INTO wyniki_egzaminów VALUES (536, 92, 'nie zdał');
INSERT INTO wyniki_egzaminów VALUES (537, 92, 'zdał');
INSERT INTO wyniki_egzaminów VALUES (538, 92, 'nie zdał');
INSERT INTO wyniki_egzaminów VALUES (539, 92, 'nie stawił się');
INSERT INTO wyniki_egzaminów VALUES (540, 92, 'zdał');
INSERT INTO wyniki_egzaminów VALUES (541, 93, 'nie zdał');
INSERT INTO wyniki_egzaminów VALUES (542, 93, 'zdał');
INSERT INTO wyniki_egzaminów VALUES (543, 93, 'zdał');
INSERT INTO wyniki_egzaminów VALUES (544, 93, 'zdał');
INSERT INTO wyniki_egzaminów VALUES (545, 93, 'nie zdał');
INSERT INTO wyniki_egzaminów VALUES (546, 93, 'nie zdał');
INSERT INTO wyniki_egzaminów VALUES (547, 93, 'zdał');
INSERT INTO wyniki_egzaminów VALUES (548, 93, 'zdał');
INSERT INTO wyniki_egzaminów VALUES (549, 93, 'zdał');
INSERT INTO wyniki_egzaminów VALUES (550, 94, 'zdał');
INSERT INTO wyniki_egzaminów VALUES (551, 94, 'nie zdał');
INSERT INTO wyniki_egzaminów VALUES (552, 94, 'nie stawił się');
INSERT INTO wyniki_egzaminów VALUES (553, 94, 'zdał');
INSERT INTO wyniki_egzaminów VALUES (554, 94, 'zdał');
INSERT INTO wyniki_egzaminów VALUES (555, 94, 'zdał');
INSERT INTO wyniki_egzaminów VALUES (556, 95, 'zdał');
INSERT INTO wyniki_egzaminów VALUES (557, 95, 'nie zdał');
INSERT INTO wyniki_egzaminów VALUES (558, 95, 'nie zdał');
INSERT INTO wyniki_egzaminów VALUES (559, 95, 'zdał');
INSERT INTO wyniki_egzaminów VALUES (560, 96, 'nie zdał');
INSERT INTO wyniki_egzaminów VALUES (513, 96, 'zdał');
INSERT INTO wyniki_egzaminów VALUES (561, 96, 'nie zdał');
INSERT INTO wyniki_egzaminów VALUES (517, 96, 'nie zdał');
INSERT INTO wyniki_egzaminów VALUES (518, 96, 'zdał');
INSERT INTO wyniki_egzaminów VALUES (562, 97, 'zdał');
INSERT INTO wyniki_egzaminów VALUES (563, 97, 'nie stawił się');
INSERT INTO wyniki_egzaminów VALUES (564, 97, 'zdał');
INSERT INTO wyniki_egzaminów VALUES (565, 98, 'nie zdał');
INSERT INTO wyniki_egzaminów VALUES (566, 98, 'zdał');
INSERT INTO wyniki_egzaminów VALUES (567, 98, 'zdał');
INSERT INTO wyniki_egzaminów VALUES (568, 99, 'zdał');
INSERT INTO wyniki_egzaminów VALUES (569, 99, 'nie stawił się');
INSERT INTO wyniki_egzaminów VALUES (570, 99, 'nie zdał');
INSERT INTO wyniki_egzaminów VALUES (571, 99, 'zdał');
INSERT INTO wyniki_egzaminów VALUES (572, 99, 'zdał');
INSERT INTO wyniki_egzaminów VALUES (573, 99, 'nie zdał');
INSERT INTO wyniki_egzaminów VALUES (574, 99, 'zdał');
INSERT INTO wyniki_egzaminów VALUES (575, 100, 'nie stawił się');
INSERT INTO wyniki_egzaminów VALUES (576, 100, 'zdał');
INSERT INTO wyniki_egzaminów VALUES (577, 100, 'nie zdał');
INSERT INTO wyniki_egzaminów VALUES (578, 100, 'nie zdał');
INSERT INTO wyniki_egzaminów VALUES (579, 100, 'zdał');
INSERT INTO prawa_jazdy VALUES ('87548/08/6075', 1, '2008-10-28', false);
INSERT INTO prawa_jazdy VALUES ('25435/06/2128', 2, '2006-10-02', false);
INSERT INTO prawa_jazdy VALUES ('11721/08/7040', 3, '2008-10-09', true);
INSERT INTO prawa_jazdy VALUES ('50897/12/7185', 4, '2012-02-25', false);
INSERT INTO prawa_jazdy VALUES ('09781/12/2088', 4, '2012-02-04', false);
INSERT INTO prawa_jazdy VALUES ('61071/07/7436', 5, '2007-04-03', false);
INSERT INTO prawa_jazdy VALUES ('61204/09/0560', 6, '2009-05-27', true);
INSERT INTO prawa_jazdy VALUES ('07779/06/2509', 7, '2006-04-11', false);
INSERT INTO prawa_jazdy VALUES ('53816/10/3010', 8, '2010-06-09', false);
INSERT INTO prawa_jazdy VALUES ('75672/10/9422', 8, '2010-06-30', false);
INSERT INTO prawa_jazdy VALUES ('71796/10/3738', 8, '2010-07-21', false);
INSERT INTO prawa_jazdy VALUES ('10484/10/3608', 8, '2010-06-30', false);
INSERT INTO prawa_jazdy VALUES ('69400/14/4017', 9, '2014-07-16', false);
INSERT INTO prawa_jazdy VALUES ('45860/15/0802', 10, '2015-02-06', false);
INSERT INTO prawa_jazdy VALUES ('89021/11/9003', 11, '2011-04-19', true);
INSERT INTO prawa_jazdy VALUES ('49243/11/4420', 11, '2011-05-10', true);
INSERT INTO prawa_jazdy VALUES ('69829/11/4272', 11, '2011-05-31', true);
INSERT INTO prawa_jazdy VALUES ('22532/11/7843', 12, '2011-09-22', true);
INSERT INTO prawa_jazdy VALUES ('51461/14/8409', 13, '2014-05-13', false);
INSERT INTO prawa_jazdy VALUES ('29991/14/3937', 13, '2014-06-03', false);
INSERT INTO prawa_jazdy VALUES ('68965/14/6744', 13, '2014-07-15', false);
INSERT INTO prawa_jazdy VALUES ('47902/14/1898', 13, '2014-06-24', false);
INSERT INTO prawa_jazdy VALUES ('19226/14/2880', 14, '2014-06-29', false);
INSERT INTO prawa_jazdy VALUES ('59316/09/2959', 15, '2009-06-29', false);
INSERT INTO prawa_jazdy VALUES ('40651/09/1046', 16, '2009-07-19', true);
INSERT INTO prawa_jazdy VALUES ('97173/09/8571', 16, '2009-06-28', true);
INSERT INTO prawa_jazdy VALUES ('04942/09/7295', 16, '2009-07-19', true);
INSERT INTO prawa_jazdy VALUES ('36258/09/2458', 17, '2009-01-20', false);
INSERT INTO prawa_jazdy VALUES ('08165/07/0829', 18, '2007-02-17', false);
INSERT INTO prawa_jazdy VALUES ('55669/09/8874', 19, '2009-10-15', false);
INSERT INTO prawa_jazdy VALUES ('12398/07/5070', 20, '2007-06-08', false);
INSERT INTO prawa_jazdy VALUES ('90027/07/0120', 20, '2007-07-20', false);
INSERT INTO prawa_jazdy VALUES ('34529/10/5324', 21, '2010-12-18', true);
INSERT INTO prawa_jazdy VALUES ('18681/11/3673', 21, '2011-01-29', true);
INSERT INTO prawa_jazdy VALUES ('24011/11/1888', 21, '2011-01-29', true);
INSERT INTO prawa_jazdy VALUES ('31591/11/0155', 21, '2011-02-19', true);
INSERT INTO prawa_jazdy VALUES ('51589/13/7803', 22, '2013-07-03', false);
INSERT INTO prawa_jazdy VALUES ('28995/12/6266', 23, '2012-11-22', false);
INSERT INTO prawa_jazdy VALUES ('24141/12/7125', 24, '2012-10-10', false);
INSERT INTO prawa_jazdy VALUES ('40789/14/4004', 25, '2014-03-20', true);
INSERT INTO prawa_jazdy VALUES ('05795/14/1670', 25, '2014-04-10', true);
INSERT INTO prawa_jazdy VALUES ('24780/14/6684', 25, '2014-03-20', true);
INSERT INTO prawa_jazdy VALUES ('77713/07/5294', 26, '2007-12-12', false);
INSERT INTO prawa_jazdy VALUES ('82375/10/8037', 27, '2010-05-08', false);
INSERT INTO prawa_jazdy VALUES ('01343/11/0056', 28, '2011-01-17', false);
INSERT INTO prawa_jazdy VALUES ('08069/11/4070', 29, '2011-07-04', false);
INSERT INTO prawa_jazdy VALUES ('39658/05/7532', 30, '2005-06-05', false);
INSERT INTO prawa_jazdy VALUES ('27238/05/4230', 31, '2005-01-12', false);
INSERT INTO prawa_jazdy VALUES ('36980/14/5211', 32, '2014-03-01', true);
INSERT INTO prawa_jazdy VALUES ('10134/07/0893', 33, '2007-01-08', false);
INSERT INTO prawa_jazdy VALUES ('19235/11/2934', 34, '2011-09-29', false);
INSERT INTO prawa_jazdy VALUES ('22799/14/8033', 35, '2014-01-22', true);
INSERT INTO prawa_jazdy VALUES ('52879/14/5601', 35, '2014-02-12', true);
INSERT INTO prawa_jazdy VALUES ('24626/11/4624', 36, '2011-09-10', false);
INSERT INTO prawa_jazdy VALUES ('79689/13/7617', 37, '2013-07-29', false);
INSERT INTO prawa_jazdy VALUES ('50043/13/4134', 37, '2013-08-19', false);
INSERT INTO prawa_jazdy VALUES ('96123/14/4598', 38, '2014-04-04', false);
INSERT INTO prawa_jazdy VALUES ('71097/04/7792', 39, '2004-11-12', false);
INSERT INTO prawa_jazdy VALUES ('91091/06/3871', 40, '2006-05-25', false);
INSERT INTO prawa_jazdy VALUES ('14240/06/6657', 40, '2006-06-15', false);
INSERT INTO prawa_jazdy VALUES ('22743/06/8500', 40, '2006-07-27', false);
INSERT INTO prawa_jazdy VALUES ('55698/06/6705', 40, '2006-07-27', false);
INSERT INTO prawa_jazdy VALUES ('35475/14/7035', 41, '2014-05-25', true);
INSERT INTO prawa_jazdy VALUES ('02244/12/6643', 42, '2012-02-07', false);
INSERT INTO prawa_jazdy VALUES ('31753/05/8363', 43, '2005-11-24', true);
INSERT INTO prawa_jazdy VALUES ('69317/08/0432', 44, '2008-06-09', true);
INSERT INTO prawa_jazdy VALUES ('77277/08/3415', 44, '2008-05-19', true);
INSERT INTO prawa_jazdy VALUES ('17995/11/6143', 45, '2011-07-10', true);
INSERT INTO prawa_jazdy VALUES ('64527/10/3420', 46, '2010-01-01', false);
INSERT INTO prawa_jazdy VALUES ('62066/10/3058', 47, '2010-11-26', false);
INSERT INTO prawa_jazdy VALUES ('08782/11/0788', 47, '2011-01-28', false);
INSERT INTO prawa_jazdy VALUES ('17722/10/7997', 48, '2010-10-05', false);
INSERT INTO prawa_jazdy VALUES ('40306/08/8506', 49, '2008-10-04', false);
INSERT INTO prawa_jazdy VALUES ('74402/08/1591', 49, '2008-11-15', false);
INSERT INTO prawa_jazdy VALUES ('72208/14/5334', 50, '2014-12-27', false);
INSERT INTO prawa_jazdy VALUES ('62740/14/3158', 50, '2014-12-27', false);
INSERT INTO prawa_jazdy VALUES ('06257/14/7808', 51, '2014-09-08', false);
INSERT INTO prawa_jazdy VALUES ('46244/05/0465', 52, '2005-09-06', false);
INSERT INTO prawa_jazdy VALUES ('81020/15/3421', 53, '2015-01-07', false);
INSERT INTO prawa_jazdy VALUES ('71136/08/4723', 54, '2008-10-07', false);
INSERT INTO prawa_jazdy VALUES ('19788/08/5412', 54, '2008-10-07', false);
INSERT INTO prawa_jazdy VALUES ('89977/06/1967', 55, '2006-05-21', false);
INSERT INTO prawa_jazdy VALUES ('59457/06/6550', 55, '2006-04-30', false);
INSERT INTO prawa_jazdy VALUES ('91270/11/5115', 56, '2011-11-03', false);
INSERT INTO prawa_jazdy VALUES ('51205/07/3405', 57, '2007-06-13', false);
INSERT INTO prawa_jazdy VALUES ('35685/07/2934', 57, '2007-06-13', false);
INSERT INTO prawa_jazdy VALUES ('80449/07/2070', 57, '2007-07-25', false);
INSERT INTO prawa_jazdy VALUES ('00084/07/6303', 57, '2007-07-25', false);
INSERT INTO prawa_jazdy VALUES ('19244/04/6060', 58, '2004-12-13', false);
INSERT INTO prawa_jazdy VALUES ('85845/05/3904', 58, '2005-02-14', false);
INSERT INTO prawa_jazdy VALUES ('83547/05/7741', 58, '2005-01-24', false);
INSERT INTO prawa_jazdy VALUES ('81493/05/1660', 58, '2005-03-28', false);
INSERT INTO prawa_jazdy VALUES ('51768/12/3360', 59, '2012-01-23', false);
INSERT INTO prawa_jazdy VALUES ('92946/10/9377', 60, '2010-09-18', true);
INSERT INTO prawa_jazdy VALUES ('91033/11/3055', 61, '2011-10-29', false);
INSERT INTO prawa_jazdy VALUES ('81370/11/9002', 61, '2011-09-17', false);
INSERT INTO prawa_jazdy VALUES ('15617/11/4731', 62, '2011-03-24', false);
INSERT INTO prawa_jazdy VALUES ('55149/06/6467', 63, '2006-08-04', false);
INSERT INTO prawa_jazdy VALUES ('34284/12/8970', 64, '2012-03-25', false);
INSERT INTO prawa_jazdy VALUES ('80919/08/2315', 65, '2008-05-31', true);
INSERT INTO prawa_jazdy VALUES ('43897/08/6340', 65, '2008-07-12', true);
INSERT INTO prawa_jazdy VALUES ('97970/09/2567', 66, '2009-11-25', false);
INSERT INTO prawa_jazdy VALUES ('46373/11/3059', 67, '2011-10-06', false);
INSERT INTO prawa_jazdy VALUES ('47957/10/1412', 68, '2010-08-07', false);
INSERT INTO prawa_jazdy VALUES ('64735/10/5627', 69, '2010-05-12', false);
INSERT INTO prawa_jazdy VALUES ('95175/10/4070', 70, '2010-01-21', false);
INSERT INTO prawa_jazdy VALUES ('75266/09/0475', 70, '2009-12-10', false);
INSERT INTO prawa_jazdy VALUES ('51538/10/7262', 70, '2010-01-21', false);
INSERT INTO prawa_jazdy VALUES ('93547/08/4564', 71, '2008-03-15', false);
INSERT INTO prawa_jazdy VALUES ('00798/08/0432', 71, '2008-04-26', false);
INSERT INTO prawa_jazdy VALUES ('21410/08/1903', 71, '2008-05-17', false);
INSERT INTO prawa_jazdy VALUES ('79081/08/0421', 71, '2008-06-28', false);
INSERT INTO prawa_jazdy VALUES ('41743/05/1872', 72, '2005-03-18', false);
INSERT INTO prawa_jazdy VALUES ('23495/15/4218', 73, '2015-04-09', false);
INSERT INTO prawa_jazdy VALUES ('79397/10/2720', 74, '2010-07-16', false);
INSERT INTO prawa_jazdy VALUES ('54598/07/5392', 75, '2007-04-25', true);
INSERT INTO prawa_jazdy VALUES ('10478/07/3781', 75, '2007-06-06', true);
INSERT INTO prawa_jazdy VALUES ('59606/07/7447', 75, '2007-06-27', true);
INSERT INTO prawa_jazdy VALUES ('37272/07/7515', 75, '2007-07-18', true);
INSERT INTO prawa_jazdy VALUES ('93411/14/9244', 76, '2014-09-24', true);
INSERT INTO prawa_jazdy VALUES ('87977/14/0192', 76, '2014-10-15', true);
INSERT INTO prawa_jazdy VALUES ('99398/14/9282', 76, '2014-11-26', true);
INSERT INTO prawa_jazdy VALUES ('83722/11/1005', 77, '2011-03-04', false);
INSERT INTO prawa_jazdy VALUES ('66830/11/6422', 77, '2011-04-15', false);
INSERT INTO prawa_jazdy VALUES ('64919/09/9643', 78, '2009-10-18', false);
INSERT INTO prawa_jazdy VALUES ('63086/09/5588', 78, '2009-11-08', false);
INSERT INTO prawa_jazdy VALUES ('66742/11/3897', 79, '2011-11-10', true);
INSERT INTO prawa_jazdy VALUES ('73733/11/5142', 79, '2011-12-01', true);
INSERT INTO prawa_jazdy VALUES ('46115/11/1752', 79, '2011-12-01', true);
INSERT INTO prawa_jazdy VALUES ('96154/11/7399', 79, '2011-12-22', true);
INSERT INTO prawa_jazdy VALUES ('81136/06/0917', 80, '2006-07-26', false);
INSERT INTO prawa_jazdy VALUES ('21493/06/0644', 80, '2006-07-05', false);
INSERT INTO prawa_jazdy VALUES ('45704/11/1433', 81, '2011-12-18', false);
INSERT INTO prawa_jazdy VALUES ('61318/06/1342', 82, '2006-01-02', false);
INSERT INTO prawa_jazdy VALUES ('17842/07/8489', 83, '2007-08-02', false);
INSERT INTO prawa_jazdy VALUES ('53857/06/7702', 84, '2006-01-05', false);
INSERT INTO prawa_jazdy VALUES ('97861/10/2233', 85, '2010-04-02', false);
INSERT INTO prawa_jazdy VALUES ('01512/09/3515', 86, '2009-01-04', false);
INSERT INTO prawa_jazdy VALUES ('91875/06/0662', 87, '2006-03-11', false);
INSERT INTO prawa_jazdy VALUES ('69002/06/4032', 87, '2006-02-18', false);
INSERT INTO prawa_jazdy VALUES ('76538/12/0117', 88, '2012-02-11', false);
INSERT INTO prawa_jazdy VALUES ('38046/12/8189', 88, '2012-03-03', false);
INSERT INTO prawa_jazdy VALUES ('62697/12/3022', 88, '2012-03-24', false);
INSERT INTO prawa_jazdy VALUES ('03288/12/7236', 88, '2012-04-14', false);
INSERT INTO prawa_jazdy VALUES ('96381/14/6071', 89, '2014-08-08', false);
INSERT INTO prawa_jazdy VALUES ('76358/14/7569', 89, '2014-09-19', false);
INSERT INTO prawa_jazdy VALUES ('16675/08/1201', 90, '2008-11-09', false);
INSERT INTO prawa_jazdy VALUES ('56087/08/8701', 90, '2008-11-30', false);
INSERT INTO prawa_jazdy VALUES ('60823/08/5379', 90, '2008-11-09', false);
INSERT INTO prawa_jazdy VALUES ('49527/09/5409', 90, '2009-01-11', false);
INSERT INTO prawa_jazdy VALUES ('38595/10/8672', 91, '2010-10-16', false);
INSERT INTO prawa_jazdy VALUES ('14397/06/1006', 92, '2006-12-14', true);
INSERT INTO prawa_jazdy VALUES ('92519/11/0108', 93, '2011-07-02', true);
INSERT INTO prawa_jazdy VALUES ('43675/11/7545', 93, '2011-08-13', true);
INSERT INTO prawa_jazdy VALUES ('91103/11/2703', 93, '2011-07-23', true);
INSERT INTO prawa_jazdy VALUES ('07601/05/5562', 94, '2005-09-08', false);
INSERT INTO prawa_jazdy VALUES ('81259/05/8236', 94, '2005-08-18', false);
INSERT INTO prawa_jazdy VALUES ('83702/11/2994', 95, '2011-07-18', false);
INSERT INTO prawa_jazdy VALUES ('81331/14/5509', 96, '2014-08-29', false);
INSERT INTO prawa_jazdy VALUES ('14548/12/5272', 97, '2012-08-12', false);
INSERT INTO prawa_jazdy VALUES ('10072/09/3253', 98, '2009-10-24', false);
INSERT INTO prawa_jazdy VALUES ('18245/14/2201', 99, '2014-05-24', false);
INSERT INTO prawa_jazdy VALUES ('19628/14/2748', 99, '2014-05-24', false);
INSERT INTO prawa_jazdy VALUES ('78102/08/4045', 100, '2008-09-29', false);
INSERT INTO prawa_jazdy_kategorie VALUES ('87548/08/6075', 'B');
INSERT INTO prawa_jazdy_kategorie VALUES ('25435/06/2128', 'B');
INSERT INTO prawa_jazdy_kategorie VALUES ('11721/08/7040', 'B');
INSERT INTO prawa_jazdy_kategorie VALUES ('50897/12/7185', 'B');
INSERT INTO prawa_jazdy_kategorie VALUES ('09781/12/2088', 'A');
INSERT INTO prawa_jazdy_kategorie VALUES ('61071/07/7436', 'B');
INSERT INTO prawa_jazdy_kategorie VALUES ('61204/09/0560', 'B');
INSERT INTO prawa_jazdy_kategorie VALUES ('07779/06/2509', 'B');
INSERT INTO prawa_jazdy_kategorie VALUES ('53816/10/3010', 'B');
INSERT INTO prawa_jazdy_kategorie VALUES ('75672/10/9422', 'A');
INSERT INTO prawa_jazdy_kategorie VALUES ('71796/10/3738', 'C');
INSERT INTO prawa_jazdy_kategorie VALUES ('10484/10/3608', 'D');
INSERT INTO prawa_jazdy_kategorie VALUES ('69400/14/4017', 'B');
INSERT INTO prawa_jazdy_kategorie VALUES ('45860/15/0802', 'B');
INSERT INTO prawa_jazdy_kategorie VALUES ('89021/11/9003', 'B');
INSERT INTO prawa_jazdy_kategorie VALUES ('49243/11/4420', 'A');
INSERT INTO prawa_jazdy_kategorie VALUES ('69829/11/4272', 'C');
INSERT INTO prawa_jazdy_kategorie VALUES ('22532/11/7843', 'B');
INSERT INTO prawa_jazdy_kategorie VALUES ('51461/14/8409', 'B');
INSERT INTO prawa_jazdy_kategorie VALUES ('29991/14/3937', 'A');
INSERT INTO prawa_jazdy_kategorie VALUES ('68965/14/6744', 'C');
INSERT INTO prawa_jazdy_kategorie VALUES ('47902/14/1898', 'D');
INSERT INTO prawa_jazdy_kategorie VALUES ('19226/14/2880', 'B');
INSERT INTO prawa_jazdy_kategorie VALUES ('59316/09/2959', 'B');
INSERT INTO prawa_jazdy_kategorie VALUES ('40651/09/1046', 'B');
INSERT INTO prawa_jazdy_kategorie VALUES ('97173/09/8571', 'A');
INSERT INTO prawa_jazdy_kategorie VALUES ('04942/09/7295', 'C');
INSERT INTO prawa_jazdy_kategorie VALUES ('36258/09/2458', 'B');
INSERT INTO prawa_jazdy_kategorie VALUES ('08165/07/0829', 'B');
INSERT INTO prawa_jazdy_kategorie VALUES ('55669/09/8874', 'B');
INSERT INTO prawa_jazdy_kategorie VALUES ('12398/07/5070', 'B');
INSERT INTO prawa_jazdy_kategorie VALUES ('90027/07/0120', 'A');
INSERT INTO prawa_jazdy_kategorie VALUES ('34529/10/5324', 'B');
INSERT INTO prawa_jazdy_kategorie VALUES ('18681/11/3673', 'A');
INSERT INTO prawa_jazdy_kategorie VALUES ('24011/11/1888', 'C');
INSERT INTO prawa_jazdy_kategorie VALUES ('31591/11/0155', 'D');
INSERT INTO prawa_jazdy_kategorie VALUES ('51589/13/7803', 'B');
INSERT INTO prawa_jazdy_kategorie VALUES ('28995/12/6266', 'B');
INSERT INTO prawa_jazdy_kategorie VALUES ('24141/12/7125', 'B');
INSERT INTO prawa_jazdy_kategorie VALUES ('40789/14/4004', 'B');
INSERT INTO prawa_jazdy_kategorie VALUES ('05795/14/1670', 'A');
INSERT INTO prawa_jazdy_kategorie VALUES ('24780/14/6684', 'C');
INSERT INTO prawa_jazdy_kategorie VALUES ('77713/07/5294', 'B');
INSERT INTO prawa_jazdy_kategorie VALUES ('82375/10/8037', 'B');
INSERT INTO prawa_jazdy_kategorie VALUES ('01343/11/0056', 'B');
INSERT INTO prawa_jazdy_kategorie VALUES ('08069/11/4070', 'B');
INSERT INTO prawa_jazdy_kategorie VALUES ('39658/05/7532', 'B');
INSERT INTO prawa_jazdy_kategorie VALUES ('27238/05/4230', 'B');
INSERT INTO prawa_jazdy_kategorie VALUES ('36980/14/5211', 'B');
INSERT INTO prawa_jazdy_kategorie VALUES ('10134/07/0893', 'B');
INSERT INTO prawa_jazdy_kategorie VALUES ('19235/11/2934', 'B');
INSERT INTO prawa_jazdy_kategorie VALUES ('22799/14/8033', 'B');
INSERT INTO prawa_jazdy_kategorie VALUES ('52879/14/5601', 'A');
INSERT INTO prawa_jazdy_kategorie VALUES ('24626/11/4624', 'B');
INSERT INTO prawa_jazdy_kategorie VALUES ('79689/13/7617', 'B');
INSERT INTO prawa_jazdy_kategorie VALUES ('50043/13/4134', 'A');
INSERT INTO prawa_jazdy_kategorie VALUES ('96123/14/4598', 'B');
INSERT INTO prawa_jazdy_kategorie VALUES ('71097/04/7792', 'B');
INSERT INTO prawa_jazdy_kategorie VALUES ('91091/06/3871', 'B');
INSERT INTO prawa_jazdy_kategorie VALUES ('14240/06/6657', 'A');
INSERT INTO prawa_jazdy_kategorie VALUES ('22743/06/8500', 'C');
INSERT INTO prawa_jazdy_kategorie VALUES ('55698/06/6705', 'D');
INSERT INTO prawa_jazdy_kategorie VALUES ('35475/14/7035', 'B');
INSERT INTO prawa_jazdy_kategorie VALUES ('02244/12/6643', 'B');
INSERT INTO prawa_jazdy_kategorie VALUES ('31753/05/8363', 'B');
INSERT INTO prawa_jazdy_kategorie VALUES ('69317/08/0432', 'B');
INSERT INTO prawa_jazdy_kategorie VALUES ('77277/08/3415', 'A');
INSERT INTO prawa_jazdy_kategorie VALUES ('17995/11/6143', 'B');
INSERT INTO prawa_jazdy_kategorie VALUES ('64527/10/3420', 'B');
INSERT INTO prawa_jazdy_kategorie VALUES ('62066/10/3058', 'B');
INSERT INTO prawa_jazdy_kategorie VALUES ('08782/11/0788', 'A');
INSERT INTO prawa_jazdy_kategorie VALUES ('17722/10/7997', 'B');
INSERT INTO prawa_jazdy_kategorie VALUES ('40306/08/8506', 'B');
INSERT INTO prawa_jazdy_kategorie VALUES ('74402/08/1591', 'A');
INSERT INTO prawa_jazdy_kategorie VALUES ('72208/14/5334', 'B');
INSERT INTO prawa_jazdy_kategorie VALUES ('62740/14/3158', 'A');
INSERT INTO prawa_jazdy_kategorie VALUES ('06257/14/7808', 'B');
INSERT INTO prawa_jazdy_kategorie VALUES ('46244/05/0465', 'B');
INSERT INTO prawa_jazdy_kategorie VALUES ('81020/15/3421', 'B');
INSERT INTO prawa_jazdy_kategorie VALUES ('71136/08/4723', 'B');
INSERT INTO prawa_jazdy_kategorie VALUES ('19788/08/5412', 'A');
INSERT INTO prawa_jazdy_kategorie VALUES ('89977/06/1967', 'B');
INSERT INTO prawa_jazdy_kategorie VALUES ('59457/06/6550', 'A');
INSERT INTO prawa_jazdy_kategorie VALUES ('91270/11/5115', 'B');
INSERT INTO prawa_jazdy_kategorie VALUES ('51205/07/3405', 'B');
INSERT INTO prawa_jazdy_kategorie VALUES ('35685/07/2934', 'A');
INSERT INTO prawa_jazdy_kategorie VALUES ('80449/07/2070', 'C');
INSERT INTO prawa_jazdy_kategorie VALUES ('00084/07/6303', 'D');
INSERT INTO prawa_jazdy_kategorie VALUES ('19244/04/6060', 'B');
INSERT INTO prawa_jazdy_kategorie VALUES ('85845/05/3904', 'A');
INSERT INTO prawa_jazdy_kategorie VALUES ('83547/05/7741', 'C');
INSERT INTO prawa_jazdy_kategorie VALUES ('81493/05/1660', 'D');
INSERT INTO prawa_jazdy_kategorie VALUES ('51768/12/3360', 'B');
INSERT INTO prawa_jazdy_kategorie VALUES ('92946/10/9377', 'B');
INSERT INTO prawa_jazdy_kategorie VALUES ('91033/11/3055', 'B');
INSERT INTO prawa_jazdy_kategorie VALUES ('81370/11/9002', 'A');
INSERT INTO prawa_jazdy_kategorie VALUES ('15617/11/4731', 'B');
INSERT INTO prawa_jazdy_kategorie VALUES ('55149/06/6467', 'B');
INSERT INTO prawa_jazdy_kategorie VALUES ('34284/12/8970', 'B');
INSERT INTO prawa_jazdy_kategorie VALUES ('80919/08/2315', 'B');
INSERT INTO prawa_jazdy_kategorie VALUES ('43897/08/6340', 'A');
INSERT INTO prawa_jazdy_kategorie VALUES ('97970/09/2567', 'B');
INSERT INTO prawa_jazdy_kategorie VALUES ('46373/11/3059', 'B');
INSERT INTO prawa_jazdy_kategorie VALUES ('47957/10/1412', 'B');
INSERT INTO prawa_jazdy_kategorie VALUES ('64735/10/5627', 'B');
INSERT INTO prawa_jazdy_kategorie VALUES ('95175/10/4070', 'B');
INSERT INTO prawa_jazdy_kategorie VALUES ('75266/09/0475', 'A');
INSERT INTO prawa_jazdy_kategorie VALUES ('51538/10/7262', 'C');
INSERT INTO prawa_jazdy_kategorie VALUES ('93547/08/4564', 'B');
INSERT INTO prawa_jazdy_kategorie VALUES ('00798/08/0432', 'A');
INSERT INTO prawa_jazdy_kategorie VALUES ('21410/08/1903', 'C');
INSERT INTO prawa_jazdy_kategorie VALUES ('79081/08/0421', 'D');
INSERT INTO prawa_jazdy_kategorie VALUES ('41743/05/1872', 'B');
INSERT INTO prawa_jazdy_kategorie VALUES ('23495/15/4218', 'B');
INSERT INTO prawa_jazdy_kategorie VALUES ('79397/10/2720', 'B');
INSERT INTO prawa_jazdy_kategorie VALUES ('54598/07/5392', 'B');
INSERT INTO prawa_jazdy_kategorie VALUES ('10478/07/3781', 'A');
INSERT INTO prawa_jazdy_kategorie VALUES ('59606/07/7447', 'C');
INSERT INTO prawa_jazdy_kategorie VALUES ('37272/07/7515', 'D');
INSERT INTO prawa_jazdy_kategorie VALUES ('93411/14/9244', 'B');
INSERT INTO prawa_jazdy_kategorie VALUES ('87977/14/0192', 'A');
INSERT INTO prawa_jazdy_kategorie VALUES ('99398/14/9282', 'C');
INSERT INTO prawa_jazdy_kategorie VALUES ('83722/11/1005', 'B');
INSERT INTO prawa_jazdy_kategorie VALUES ('66830/11/6422', 'A');
INSERT INTO prawa_jazdy_kategorie VALUES ('64919/09/9643', 'B');
INSERT INTO prawa_jazdy_kategorie VALUES ('63086/09/5588', 'A');
INSERT INTO prawa_jazdy_kategorie VALUES ('66742/11/3897', 'B');
INSERT INTO prawa_jazdy_kategorie VALUES ('73733/11/5142', 'A');
INSERT INTO prawa_jazdy_kategorie VALUES ('46115/11/1752', 'C');
INSERT INTO prawa_jazdy_kategorie VALUES ('96154/11/7399', 'D');
INSERT INTO prawa_jazdy_kategorie VALUES ('81136/06/0917', 'B');
INSERT INTO prawa_jazdy_kategorie VALUES ('21493/06/0644', 'A');
INSERT INTO prawa_jazdy_kategorie VALUES ('45704/11/1433', 'B');
INSERT INTO prawa_jazdy_kategorie VALUES ('61318/06/1342', 'B');
INSERT INTO prawa_jazdy_kategorie VALUES ('17842/07/8489', 'B');
INSERT INTO prawa_jazdy_kategorie VALUES ('53857/06/7702', 'B');
INSERT INTO prawa_jazdy_kategorie VALUES ('97861/10/2233', 'B');
INSERT INTO prawa_jazdy_kategorie VALUES ('01512/09/3515', 'B');
INSERT INTO prawa_jazdy_kategorie VALUES ('91875/06/0662', 'B');
INSERT INTO prawa_jazdy_kategorie VALUES ('69002/06/4032', 'A');
INSERT INTO prawa_jazdy_kategorie VALUES ('76538/12/0117', 'B');
INSERT INTO prawa_jazdy_kategorie VALUES ('38046/12/8189', 'A');
INSERT INTO prawa_jazdy_kategorie VALUES ('62697/12/3022', 'C');
INSERT INTO prawa_jazdy_kategorie VALUES ('03288/12/7236', 'D');
INSERT INTO prawa_jazdy_kategorie VALUES ('96381/14/6071', 'B');
INSERT INTO prawa_jazdy_kategorie VALUES ('76358/14/7569', 'A');
INSERT INTO prawa_jazdy_kategorie VALUES ('16675/08/1201', 'B');
INSERT INTO prawa_jazdy_kategorie VALUES ('56087/08/8701', 'A');
INSERT INTO prawa_jazdy_kategorie VALUES ('60823/08/5379', 'C');
INSERT INTO prawa_jazdy_kategorie VALUES ('49527/09/5409', 'D');
INSERT INTO prawa_jazdy_kategorie VALUES ('38595/10/8672', 'B');
INSERT INTO prawa_jazdy_kategorie VALUES ('14397/06/1006', 'B');
INSERT INTO prawa_jazdy_kategorie VALUES ('92519/11/0108', 'B');
INSERT INTO prawa_jazdy_kategorie VALUES ('43675/11/7545', 'A');
INSERT INTO prawa_jazdy_kategorie VALUES ('91103/11/2703', 'C');
INSERT INTO prawa_jazdy_kategorie VALUES ('07601/05/5562', 'B');
INSERT INTO prawa_jazdy_kategorie VALUES ('81259/05/8236', 'A');
INSERT INTO prawa_jazdy_kategorie VALUES ('83702/11/2994', 'B');
INSERT INTO prawa_jazdy_kategorie VALUES ('81331/14/5509', 'B');
INSERT INTO prawa_jazdy_kategorie VALUES ('14548/12/5272', 'B');
INSERT INTO prawa_jazdy_kategorie VALUES ('10072/09/3253', 'B');
INSERT INTO prawa_jazdy_kategorie VALUES ('18245/14/2201', 'B');
INSERT INTO prawa_jazdy_kategorie VALUES ('19628/14/2748', 'A');
INSERT INTO prawa_jazdy_kategorie VALUES ('78102/08/4045', 'B');
INSERT INTO pojazdy VALUES (1, 'WO 6B4W0', '2011-12-15', 'infiniti', 'qx50', 'osobowy');
INSERT INTO pojazdy VALUES (2, 'LCH 11EX', '2016-04-09', 'fiat', '500', 'osobowy');
INSERT INTO pojazdy VALUES (3, 'KWI 4580', '2011-10-30', 'acura', 'zdx', 'ciężarowy');
INSERT INTO pojazdy VALUES (4, 'KBR 02Z0', '2009-03-16', 'chevrolet', 'celebrity', 'osobowy');
INSERT INTO pojazdy VALUES (5, 'CBY 2F90', '2012-05-27', 'dacia', 'dokker-van', 'osobowy');
INSERT INTO pojazdy VALUES (6, 'NIL 9VFE', '2012-10-20', 'nissan', 'urvan', 'osobowy');
INSERT INTO pojazdy VALUES (7, 'PWA 9544', '2011-01-03', 'mercedes-benz', 'slc', 'osobowy');
INSERT INTO pojazdy VALUES (8, 'WOS 3FMQ', '2014-12-16', 'fiat', '600', 'ciężarowy');
INSERT INTO pojazdy VALUES (9, 'DLB 10Y7', '2010-05-18', 'aston-martin', 'volatne', 'osobowy');
INSERT INTO pojazdy VALUES (10, 'GS 9286J', '2010-05-20', 'toyota', 'prius', 'osobowy');
INSERT INTO pojazdy VALUES (11, 'LU 29353', '2011-03-08', 'dacia', 'dokker-van', 'osobowy');
INSERT INTO pojazdy VALUES (12, 'FZA 4LJD', '2006-02-23', 'opel', 'kadett', 'osobowy');
INSERT INTO pojazdy VALUES (13, 'TST 3385', '2012-06-02', 'saab', '96', 'osobowy');
INSERT INTO pojazdy VALUES (14, 'LJA 6559', '2010-05-13', 'tesla', 'roadster', 'osobowy');
INSERT INTO pojazdy VALUES (15, 'DSR 34Z7', '2016-04-05', 'renault', 'scenic-conquest', 'osobowy');
INSERT INTO pojazdy VALUES (16, 'SRB 5F07', '2015-11-14', 'rover', '214', 'osobowy');
INSERT INTO pojazdy VALUES (17, 'LKR 0376', '2016-02-05', 'honda', 'concerto', 'osobowy');
INSERT INTO pojazdy VALUES (18, 'SH 695P4', '2016-01-23', 'volkswagen', 'phaeton', 'osobowy');
INSERT INTO pojazdy VALUES (19, 'RP 444G4', '2015-12-14', 'lancia', 'gamma', 'osobowy');
INSERT INTO pojazdy VALUES (20, 'SBI 0GL1', '2013-02-13', 'peugeot', '208', 'osobowy');
INSERT INTO pojazdy VALUES (21, 'SPS 85JD', '2014-11-06', 'volkswagen', 'karmann-ghia', 'osobowy');
INSERT INTO pojazdy VALUES (22, 'PNT 8I1X', '2015-12-22', 'mitsubishi', 'carisma', 'osobowy');
INSERT INTO pojazdy VALUES (23, 'SPS 9M51', '2014-10-17', 'toyota', '4-runner', 'osobowy');
INSERT INTO pojazdy VALUES (24, 'GS 224UR', '2015-04-08', 'citroen', 'ds3', 'osobowy');
INSERT INTO pojazdy VALUES (25, 'LZA 837D', '2010-09-26', 'volkswagen', 'iltis', 'osobowy');
INSERT INTO pojazdy VALUES (26, 'SM 6837W', '2012-01-27', 'lotus', 'esprit', 'osobowy');
INSERT INTO pojazdy VALUES (27, 'DMI 3137', '2012-02-28', 'lamborghini', 'gallardo', 'osobowy');
INSERT INTO pojazdy VALUES (28, 'KLI 7BB0', '2010-09-03', 'mitsubishi', 'montero', 'osobowy');
INSERT INTO pojazdy VALUES (29, 'SRS 1W1H', '2015-07-31', 'daewoo', 'musso', 'osobowy');
INSERT INTO pojazdy VALUES (30, 'WPU 7996', '2011-09-29', 'mitsubishi', 'lancer-evolution', 'osobowy');
INSERT INTO pojazdy VALUES (31, 'WM 3Y9T2', '2012-06-18', 'citroen', 'jumper', 'osobowy');
INSERT INTO pojazdy VALUES (32, 'SKL 2L8B', '2011-06-14', 'lancia', 'flamina', 'osobowy');
INSERT INTO pojazdy VALUES (33, 'BSI 40F0', '2013-12-15', 'chevrolet', 'orlando', 'ciężarowy');
INSERT INTO pojazdy VALUES (34, 'SG 453L6', '2014-05-04', 'lada', '2104', 'osobowy');
INSERT INTO pojazdy VALUES (35, 'PP 886Y8', '2015-09-18', 'dodge', 'omni', 'osobowy');
INSERT INTO pojazdy VALUES (36, 'OKR 322P', '2016-02-11', 'chevrolet', 'cruze', 'osobowy');
INSERT INTO pojazdy VALUES (37, 'CGR 77L7', '2014-01-07', 'fiat', 'punto-evo', 'osobowy');
INSERT INTO pojazdy VALUES (38, 'DLU 4LM7', '2014-07-30', 'mercury', 'villager', 'osobowy');
INSERT INTO pojazdy VALUES (39, 'FGW 8K4I', '2016-01-27', 'chevrolet', 'aveo', 'osobowy');
INSERT INTO pojazdy VALUES (40, 'KWA 9559', '2015-07-09', 'rover', 'mg', 'osobowy');
INSERT INTO pojazdy VALUES (41, 'LPU 7009', '2014-02-27', 'volvo', 'c70', 'osobowy');
INSERT INTO pojazdy VALUES (42, 'EZD 1229', '2012-10-04', 'kia', 'carens', 'osobowy');
INSERT INTO pojazdy VALUES (43, 'EPJ 58TQ', '2013-03-03', 'chevrolet', 'blazer', 'osobowy');
INSERT INTO pojazdy VALUES (44, 'TPI 2468', '2013-10-15', 'bugatti', 'veyron', 'osobowy');
INSERT INTO pojazdy VALUES (45, 'RLA 11CO', '2016-03-11', 'toyota', 'gt86', 'osobowy');
INSERT INTO pojazdy VALUES (46, 'RBI 29BH', '2015-06-07', 'lada', 'kalina', 'osobowy');
INSERT INTO pojazdy VALUES (47, 'RK 3A1N1', '2005-06-30', 'bmw', 'z8', 'osobowy');
INSERT INTO pojazdy VALUES (48, 'TK 1B0KT', '2016-03-09', 'hyundai', 'genesis', 'osobowy');
INSERT INTO pojazdy VALUES (49, 'KSU 2DA0', '2012-02-12', 'kia', 'joice', 'osobowy');
INSERT INTO pojazdy VALUES (50, 'SZ 2U4Z5', '2014-03-09', 'citroen', 'c3-picasso', 'osobowy');
INSERT INTO pojazdy VALUES (51, 'KTT 53HM', '2015-02-26', 'seat', 'mii', 'osobowy');
INSERT INTO pojazdy VALUES (52, 'TJE 8HG7', '2011-05-16', 'rolls-royce', 'flying-spur', 'osobowy');
INSERT INTO pojazdy VALUES (53, 'TBU 15FO', '2013-06-02', 'toyota', 'tundra', 'osobowy');
INSERT INTO pojazdy VALUES (54, 'KPR 11M2', '2012-08-06', 'citroen', 'c2', 'osobowy');
INSERT INTO pojazdy VALUES (55, 'SD 740RM', '2015-07-20', 'volvo', '340', 'osobowy');
INSERT INTO pojazdy VALUES (56, 'KR 3F925', '2015-10-03', 'lotus', 'elise', 'osobowy');
INSERT INTO pojazdy VALUES (57, 'TKA 902D', '2016-01-18', 'kia', 'besta', 'osobowy');
INSERT INTO pojazdy VALUES (58, 'KWA 2WD0', '2013-04-09', 'daihatsu', 'applause', 'osobowy');
INSERT INTO pojazdy VALUES (59, 'SY 6B588', '2016-01-11', 'volvo', '960', 'osobowy');
INSERT INTO pojazdy VALUES (60, 'WP 616P0', '2016-02-02', 'fiat', 'grande-punto', 'osobowy');
INSERT INTO pojazdy VALUES (61, 'EWI 6WL1', '2011-09-18', 'pontiac', 'g6', 'osobowy');
INSERT INTO pojazdy VALUES (62, 'NEL 9REN', '2014-08-30', 'daewoo', 'musso', 'osobowy');
INSERT INTO pojazdy VALUES (63, 'KWA 843S', '2007-09-12', 'suzuki', 'alto', 'osobowy');
INSERT INTO pojazdy VALUES (64, 'RKR 04QG', '2007-12-28', 'honda', 'legend', 'osobowy');
INSERT INTO pojazdy VALUES (65, 'FZI 2EA6', '2014-06-28', 'citroen', 'c4-cactus', 'osobowy');
INSERT INTO pojazdy VALUES (66, 'RDE 640K', '2015-09-23', 'ford', 'five-hundred', 'osobowy');
INSERT INTO pojazdy VALUES (67, 'DOL 08Q9', '2015-02-16', 'ford', 'tempo', 'osobowy');
INSERT INTO pojazdy VALUES (68, 'LLU 29WG', '2013-08-06', 'mercedes-benz', 'klasa-s', 'osobowy');
INSERT INTO pojazdy VALUES (69, 'ZGY 2TV9', '2012-03-06', 'hummer', 'h1', 'osobowy');
INSERT INTO pojazdy VALUES (70, 'PO 233KT', '2009-01-21', 'toyota', 'highlander', 'osobowy');
INSERT INTO pojazdy VALUES (71, 'OB 4L4U7', '2014-08-23', 'mini', '1300', 'osobowy');
INSERT INTO pojazdy VALUES (72, 'PRA 0C93', '2016-04-14', 'mitsubishi', 'l200', 'osobowy');
INSERT INTO pojazdy VALUES (73, 'LKS 6YQE', '2016-02-01', 'renault', 'grand-scenic', 'osobowy');
INSERT INTO pojazdy VALUES (74, 'FZA 4A7L', '2012-09-16', 'dodge', 'grand-caravan', 'osobowy');
INSERT INTO pojazdy VALUES (75, 'ST 0N8GD', '2013-08-05', 'gaz', '67', 'osobowy');
INSERT INTO pojazdy VALUES (76, 'PO 711A7', '2014-09-01', 'alfa-romeo', '155', 'osobowy');
INSERT INTO pojazdy VALUES (77, 'DMI 368L', '2016-02-28', 'hyundai', 'excel', 'osobowy');
INSERT INTO pojazdy VALUES (78, 'FMI 5XO2', '2014-10-05', 'plymouth', 'prowler', 'osobowy');
INSERT INTO pojazdy VALUES (79, 'PKO 2YLF', '2008-11-07', 'maserati', 'merak', 'osobowy');
INSERT INTO pojazdy VALUES (80, 'CSE 14AX', '2015-06-20', 'toyota', 'paseo', 'osobowy');
INSERT INTO pojazdy VALUES (81, 'KSU 718Y', '2015-04-29', 'renault', 'kangoo', 'osobowy');
INSERT INTO pojazdy VALUES (82, 'DL 04332', '2012-01-24', 'volvo', '264', 'osobowy');
INSERT INTO pojazdy VALUES (83, 'WZU 4A3V', '2016-02-24', 'jeep', 'cherokee', 'osobowy');
INSERT INTO pojazdy VALUES (84, 'CTR 6W1M', '2007-12-23', 'audi', '80', 'osobowy');
INSERT INTO pojazdy VALUES (85, 'KTA 4PM8', '2014-08-10', 'mini', '1000', 'osobowy');
INSERT INTO pojazdy VALUES (86, 'NPI 3FAA', '2015-03-01', 'chevrolet', 'trans-sport', 'ciężarowy');
INSERT INTO pojazdy VALUES (87, 'GCH 0WAY', '2013-02-08', 'dodge', 'ram', 'osobowy');
INSERT INTO pojazdy VALUES (88, 'NLI 4650', '2013-11-04', 'ssangyong', 'family', 'osobowy');
INSERT INTO pojazdy VALUES (89, 'RBI 21M4', '2013-08-23', 'renault', 'grand-espace', 'osobowy');
INSERT INTO pojazdy VALUES (90, 'SY 2B4D7', '2014-05-09', 'rover', '25', 'osobowy');
INSERT INTO pojazdy VALUES (91, 'KT 692FG', '2015-01-31', 'seat', 'exeo', 'osobowy');
INSERT INTO pojazdy VALUES (92, 'CTU 43BR', '2014-05-06', 'volvo', '780', 'osobowy');
INSERT INTO pojazdy VALUES (93, 'WP 3R358', '2016-03-03', 'land-rover', 'range-rover-evoque', 'osobowy');
INSERT INTO pojazdy VALUES (94, 'CSE 2481', '2012-10-30', 'daihatsu', 'copen', 'osobowy');
INSERT INTO pojazdy VALUES (95, 'GSL 86AT', '2015-09-18', 'daewoo', 'chairman', 'osobowy');
INSERT INTO pojazdy VALUES (96, 'CNA 8WTQ', '2012-01-16', 'dacia', 'sandero', 'osobowy');
INSERT INTO pojazdy VALUES (97, 'RK 9Z8VG', '2008-07-31', 'rover', '216', 'osobowy');
INSERT INTO pojazdy VALUES (98, 'OB 6P097', '2011-12-01', 'bentley', 'mulsanne', 'osobowy');
INSERT INTO pojazdy VALUES (99, 'WSI 4BOQ', '2014-08-24', 'mercedes-benz', 'cls', 'osobowy');
INSERT INTO pojazdy VALUES (100, 'PO 4O6M3', '2013-06-02', 'chrysler', 'gts', 'osobowy');
INSERT INTO pojazdy VALUES (101, 'SO 7C23Z', '2012-04-05', 'ford', 'five-hundred', 'osobowy');
INSERT INTO pojazdy VALUES (102, 'ZK 3P771', '2013-01-02', 'bmw', 'z8', 'osobowy');
INSERT INTO pojazdy VALUES (103, 'DZL 6MA0', '2012-07-16', 'mercedes-benz', '180', 'osobowy');
INSERT INTO pojazdy VALUES (104, 'SJZ 33ZW', '2011-01-05', 'ligier', 'optima', 'osobowy');
INSERT INTO pojazdy VALUES (105, 'LPU 2R83', '2015-09-26', 'volvo', '855', 'osobowy');
INSERT INTO pojazdy VALUES (106, 'PPL 6VFE', '2010-06-20', 'suzuki', 'jimny', 'osobowy');
INSERT INTO pojazdy VALUES (107, 'LWL 6O11', '2010-02-20', 'rover', '418', 'osobowy');
INSERT INTO pojazdy VALUES (108, 'TKN 83HG', '2010-05-27', 'syrena', '102', 'osobowy');
INSERT INTO pojazdy VALUES (109, 'PL 00114', '2016-03-09', 'chevrolet', 'chevelle', 'osobowy');
INSERT INTO pojazdy VALUES (110, 'DBA 7ZID', '2010-12-20', 'hyundai', 'xg-30', 'osobowy');
INSERT INTO pojazdy VALUES (111, 'RKR 73T3', '2015-09-20', 'nissan', 'prairie', 'osobowy');
INSERT INTO pojazdy VALUES (112, 'PSZ 8I45', '2015-01-02', 'mazda', 'xedos', 'osobowy');
INSERT INTO pojazdy VALUES (113, 'GWE 3R71', '2011-06-15', 'volkswagen', 'tiguan', 'osobowy');
INSERT INTO pojazdy VALUES (114, 'STA 5K78', '2013-10-25', 'tvr', 'chimaera', 'osobowy');
INSERT INTO pojazdy VALUES (115, 'DZA 064M', '2015-04-09', 'daewoo', 'musso', 'ciężarowy');
INSERT INTO pojazdy VALUES (116, 'NLI 00VB', '2016-02-04', 'rover', '45', 'osobowy');
INSERT INTO pojazdy VALUES (117, 'DDZ 439P', '2012-03-22', 'syrena', '103', 'osobowy');
INSERT INTO pojazdy VALUES (118, 'OGL 5OB3', '2014-03-10', 'jaguar', 'xk', 'osobowy');
INSERT INTO pojazdy VALUES (119, 'SZA 91EC', '2009-09-29', 'suzuki', 'carry', 'osobowy');
INSERT INTO pojazdy VALUES (120, 'DLE 0F38', '2016-04-28', 'suzuki', 'celerio', 'osobowy');
INSERT INTO pojazdy VALUES (121, 'KLI 1H4Q', '2011-09-19', 'rolls-royce', 'silver-cloud', 'osobowy');
INSERT INTO pojazdy VALUES (122, 'TPI 9127', '2016-03-03', 'chrysler', 'caravan', 'osobowy');
INSERT INTO pojazdy VALUES (123, 'EOP 81BL', '2011-11-02', 'suzuki', 'cappucino', 'osobowy');
INSERT INTO pojazdy VALUES (124, 'WGS 87NT', '2015-03-02', 'porsche', 'panamera', 'osobowy');
INSERT INTO pojazdy VALUES (125, 'SPS 2L8A', '2013-04-11', 'saab', '9-2x', 'osobowy');
INSERT INTO pojazdy VALUES (126, 'TSZ 58TW', '2005-07-14', 'audi', 'v8', 'osobowy');
INSERT INTO pojazdy VALUES (127, 'NBA 6756', '2015-10-08', 'saab', '900', 'osobowy');
INSERT INTO pojazdy VALUES (128, 'BHA 398P', '2015-04-17', 'uaz', '469-b', 'osobowy');
INSERT INTO pojazdy VALUES (129, 'LKR 3206', '2013-11-02', 'plymouth', 'voyager', 'osobowy');
INSERT INTO pojazdy VALUES (130, 'RK 8S9G2', '2009-05-02', 'audi', '90', 'osobowy');
INSERT INTO pojazdy VALUES (131, 'KCH 7427', '2015-07-06', 'ford', 'aerostar', 'osobowy');
INSERT INTO pojazdy VALUES (132, 'ZSZ 8301', '2010-12-12', 'porsche', 'panamera', 'osobowy');
INSERT INTO pojazdy VALUES (133, 'PGN 0UH6', '2009-04-10', 'toyota', 'avensis', 'osobowy');
INSERT INTO pojazdy VALUES (134, 'CGR 9187', '2013-05-31', 'kia', 'besta', 'osobowy');
INSERT INTO pojazdy VALUES (135, 'NSZ 9B4W', '2014-05-13', 'opel', 'senator', 'osobowy');
INSERT INTO pojazdy VALUES (136, 'PKS 4Q87', '2011-09-28', 'audi', 's2', 'osobowy');
INSERT INTO pojazdy VALUES (137, 'GPU 0100', '2014-08-04', 'nissan', 'vanette', 'osobowy');
INSERT INTO pojazdy VALUES (138, 'WOS 4GMI', '2015-09-24', 'peugeot', '206-plus', 'osobowy');
INSERT INTO pojazdy VALUES (139, 'WLI 64A3', '2013-04-08', 'mg', 'mga', 'osobowy');
INSERT INTO pojazdy VALUES (140, 'SZ 4Z6H0', '2011-04-25', 'ferrari', '750', 'osobowy');
INSERT INTO pojazdy VALUES (141, 'PO 4537T', '2007-01-05', 'ssangyong', 'family', 'osobowy');
INSERT INTO pojazdy VALUES (142, 'DGR 86WN', '2016-04-27', 'rover', '220', 'osobowy');
INSERT INTO pojazdy VALUES (143, 'WR 87560', '2012-10-29', 'peugeot', '404', 'osobowy');
INSERT INTO pojazdy VALUES (144, 'EWI 5258', '2005-04-15', 'uaz', '452', 'osobowy');
INSERT INTO pojazdy VALUES (145, 'CSE 00H2', '2015-08-02', 'hyundai', 'h-1', 'osobowy');
INSERT INTO pojazdy VALUES (146, 'LB 3R0VW', '2013-02-01', 'tvr', 'tasmin', 'osobowy');
INSERT INTO pojazdy VALUES (147, 'EKU 2075', '2016-04-09', 'lamborghini', 'espada', 'osobowy');
INSERT INTO pojazdy VALUES (148, 'PL 770QG', '2015-07-28', 'aro', 'spartana', 'osobowy');
INSERT INTO pojazdy VALUES (149, 'LPU 5354', '2014-01-17', 'dodge', 'stealth', 'osobowy');
INSERT INTO pojazdy VALUES (150, 'BZA 157X', '2014-04-14', 'skoda', '135', 'osobowy');
INSERT INTO pojazdy VALUES (151, 'ZSW 3260', '2015-11-02', 'jaguar', 'xjsc', 'osobowy');
INSERT INTO pojazdy VALUES (152, 'PKL 6R30', '2015-01-06', 'rover', '100', 'osobowy');
INSERT INTO pojazdy VALUES (153, 'SZ 6X39K', '2008-08-09', 'dodge', 'caravan', 'osobowy');
INSERT INTO pojazdy VALUES (154, 'CBY 8VBM', '2011-06-20', 'nissan', 'quest', 'osobowy');
INSERT INTO kierowcy_pojazdy VALUES (1, 1);
INSERT INTO kierowcy_pojazdy VALUES (2, 2);
INSERT INTO kierowcy_pojazdy VALUES (3, 3);
INSERT INTO kierowcy_pojazdy VALUES (3, 4);
INSERT INTO kierowcy_pojazdy VALUES (4, 5);
INSERT INTO kierowcy_pojazdy VALUES (4, 6);
INSERT INTO kierowcy_pojazdy VALUES (5, 7);
INSERT INTO kierowcy_pojazdy VALUES (5, 8);
INSERT INTO kierowcy_pojazdy VALUES (6, 9);
INSERT INTO kierowcy_pojazdy VALUES (6, 10);
INSERT INTO kierowcy_pojazdy VALUES (7, 11);
INSERT INTO kierowcy_pojazdy VALUES (7, 12);
INSERT INTO kierowcy_pojazdy VALUES (8, 13);
INSERT INTO kierowcy_pojazdy VALUES (8, 14);
INSERT INTO kierowcy_pojazdy VALUES (9, 15);
INSERT INTO kierowcy_pojazdy VALUES (9, 16);
INSERT INTO kierowcy_pojazdy VALUES (10, 17);
INSERT INTO kierowcy_pojazdy VALUES (10, 18);
INSERT INTO kierowcy_pojazdy VALUES (11, 19);
INSERT INTO kierowcy_pojazdy VALUES (12, 20);
INSERT INTO kierowcy_pojazdy VALUES (13, 21);
INSERT INTO kierowcy_pojazdy VALUES (14, 22);
INSERT INTO kierowcy_pojazdy VALUES (15, 23);
INSERT INTO kierowcy_pojazdy VALUES (15, 24);
INSERT INTO kierowcy_pojazdy VALUES (16, 25);
INSERT INTO kierowcy_pojazdy VALUES (17, 26);
INSERT INTO kierowcy_pojazdy VALUES (17, 27);
INSERT INTO kierowcy_pojazdy VALUES (18, 28);
INSERT INTO kierowcy_pojazdy VALUES (18, 29);
INSERT INTO kierowcy_pojazdy VALUES (19, 30);
INSERT INTO kierowcy_pojazdy VALUES (19, 31);
INSERT INTO kierowcy_pojazdy VALUES (20, 32);
INSERT INTO kierowcy_pojazdy VALUES (21, 33);
INSERT INTO kierowcy_pojazdy VALUES (22, 34);
INSERT INTO kierowcy_pojazdy VALUES (23, 35);
INSERT INTO kierowcy_pojazdy VALUES (23, 36);
INSERT INTO kierowcy_pojazdy VALUES (24, 37);
INSERT INTO kierowcy_pojazdy VALUES (25, 38);
INSERT INTO kierowcy_pojazdy VALUES (25, 39);
INSERT INTO kierowcy_pojazdy VALUES (26, 40);
INSERT INTO kierowcy_pojazdy VALUES (27, 41);
INSERT INTO kierowcy_pojazdy VALUES (27, 42);
INSERT INTO kierowcy_pojazdy VALUES (28, 43);
INSERT INTO kierowcy_pojazdy VALUES (28, 44);
INSERT INTO kierowcy_pojazdy VALUES (29, 45);
INSERT INTO kierowcy_pojazdy VALUES (29, 46);
INSERT INTO kierowcy_pojazdy VALUES (30, 47);
INSERT INTO kierowcy_pojazdy VALUES (30, 48);
INSERT INTO kierowcy_pojazdy VALUES (31, 49);
INSERT INTO kierowcy_pojazdy VALUES (32, 50);
INSERT INTO kierowcy_pojazdy VALUES (32, 51);
INSERT INTO kierowcy_pojazdy VALUES (33, 52);
INSERT INTO kierowcy_pojazdy VALUES (33, 53);
INSERT INTO kierowcy_pojazdy VALUES (34, 54);
INSERT INTO kierowcy_pojazdy VALUES (34, 55);
INSERT INTO kierowcy_pojazdy VALUES (35, 56);
INSERT INTO kierowcy_pojazdy VALUES (36, 57);
INSERT INTO kierowcy_pojazdy VALUES (36, 58);
INSERT INTO kierowcy_pojazdy VALUES (37, 59);
INSERT INTO kierowcy_pojazdy VALUES (38, 60);
INSERT INTO kierowcy_pojazdy VALUES (39, 61);
INSERT INTO kierowcy_pojazdy VALUES (39, 62);
INSERT INTO kierowcy_pojazdy VALUES (40, 63);
INSERT INTO kierowcy_pojazdy VALUES (40, 64);
INSERT INTO kierowcy_pojazdy VALUES (41, 65);
INSERT INTO kierowcy_pojazdy VALUES (41, 66);
INSERT INTO kierowcy_pojazdy VALUES (42, 67);
INSERT INTO kierowcy_pojazdy VALUES (42, 68);
INSERT INTO kierowcy_pojazdy VALUES (43, 69);
INSERT INTO kierowcy_pojazdy VALUES (44, 70);
INSERT INTO kierowcy_pojazdy VALUES (45, 71);
INSERT INTO kierowcy_pojazdy VALUES (46, 72);
INSERT INTO kierowcy_pojazdy VALUES (47, 73);
INSERT INTO kierowcy_pojazdy VALUES (48, 74);
INSERT INTO kierowcy_pojazdy VALUES (49, 75);
INSERT INTO kierowcy_pojazdy VALUES (50, 76);
INSERT INTO kierowcy_pojazdy VALUES (51, 77);
INSERT INTO kierowcy_pojazdy VALUES (51, 78);
INSERT INTO kierowcy_pojazdy VALUES (52, 79);
INSERT INTO kierowcy_pojazdy VALUES (53, 80);
INSERT INTO kierowcy_pojazdy VALUES (53, 81);
INSERT INTO kierowcy_pojazdy VALUES (54, 82);
INSERT INTO kierowcy_pojazdy VALUES (55, 83);
INSERT INTO kierowcy_pojazdy VALUES (55, 84);
INSERT INTO kierowcy_pojazdy VALUES (56, 85);
INSERT INTO kierowcy_pojazdy VALUES (56, 86);
INSERT INTO kierowcy_pojazdy VALUES (57, 87);
INSERT INTO kierowcy_pojazdy VALUES (58, 88);
INSERT INTO kierowcy_pojazdy VALUES (58, 89);
INSERT INTO kierowcy_pojazdy VALUES (59, 90);
INSERT INTO kierowcy_pojazdy VALUES (59, 91);
INSERT INTO kierowcy_pojazdy VALUES (60, 92);
INSERT INTO kierowcy_pojazdy VALUES (60, 93);
INSERT INTO kierowcy_pojazdy VALUES (61, 94);
INSERT INTO kierowcy_pojazdy VALUES (61, 95);
INSERT INTO kierowcy_pojazdy VALUES (62, 96);
INSERT INTO kierowcy_pojazdy VALUES (63, 97);
INSERT INTO kierowcy_pojazdy VALUES (64, 98);
INSERT INTO kierowcy_pojazdy VALUES (65, 99);
INSERT INTO kierowcy_pojazdy VALUES (65, 100);
INSERT INTO kierowcy_pojazdy VALUES (66, 101);
INSERT INTO kierowcy_pojazdy VALUES (67, 102);
INSERT INTO kierowcy_pojazdy VALUES (67, 103);
INSERT INTO kierowcy_pojazdy VALUES (68, 104);
INSERT INTO kierowcy_pojazdy VALUES (68, 105);
INSERT INTO kierowcy_pojazdy VALUES (69, 106);
INSERT INTO kierowcy_pojazdy VALUES (70, 107);
INSERT INTO kierowcy_pojazdy VALUES (70, 108);
INSERT INTO kierowcy_pojazdy VALUES (71, 109);
INSERT INTO kierowcy_pojazdy VALUES (72, 110);
INSERT INTO kierowcy_pojazdy VALUES (73, 111);
INSERT INTO kierowcy_pojazdy VALUES (73, 112);
INSERT INTO kierowcy_pojazdy VALUES (74, 113);
INSERT INTO kierowcy_pojazdy VALUES (75, 114);
INSERT INTO kierowcy_pojazdy VALUES (76, 115);
INSERT INTO kierowcy_pojazdy VALUES (76, 116);
INSERT INTO kierowcy_pojazdy VALUES (77, 117);
INSERT INTO kierowcy_pojazdy VALUES (77, 118);
INSERT INTO kierowcy_pojazdy VALUES (78, 119);
INSERT INTO kierowcy_pojazdy VALUES (78, 120);
INSERT INTO kierowcy_pojazdy VALUES (79, 121);
INSERT INTO kierowcy_pojazdy VALUES (79, 122);
INSERT INTO kierowcy_pojazdy VALUES (80, 123);
INSERT INTO kierowcy_pojazdy VALUES (81, 124);
INSERT INTO kierowcy_pojazdy VALUES (81, 125);
INSERT INTO kierowcy_pojazdy VALUES (82, 126);
INSERT INTO kierowcy_pojazdy VALUES (82, 127);
INSERT INTO kierowcy_pojazdy VALUES (83, 128);
INSERT INTO kierowcy_pojazdy VALUES (84, 129);
INSERT INTO kierowcy_pojazdy VALUES (84, 130);
INSERT INTO kierowcy_pojazdy VALUES (85, 131);
INSERT INTO kierowcy_pojazdy VALUES (85, 132);
INSERT INTO kierowcy_pojazdy VALUES (86, 133);
INSERT INTO kierowcy_pojazdy VALUES (87, 134);
INSERT INTO kierowcy_pojazdy VALUES (88, 135);
INSERT INTO kierowcy_pojazdy VALUES (88, 136);
INSERT INTO kierowcy_pojazdy VALUES (89, 137);
INSERT INTO kierowcy_pojazdy VALUES (89, 138);
INSERT INTO kierowcy_pojazdy VALUES (90, 139);
INSERT INTO kierowcy_pojazdy VALUES (91, 140);
INSERT INTO kierowcy_pojazdy VALUES (92, 141);
INSERT INTO kierowcy_pojazdy VALUES (92, 142);
INSERT INTO kierowcy_pojazdy VALUES (93, 143);
INSERT INTO kierowcy_pojazdy VALUES (94, 144);
INSERT INTO kierowcy_pojazdy VALUES (94, 145);
INSERT INTO kierowcy_pojazdy VALUES (95, 146);
INSERT INTO kierowcy_pojazdy VALUES (96, 147);
INSERT INTO kierowcy_pojazdy VALUES (96, 148);
INSERT INTO kierowcy_pojazdy VALUES (97, 149);
INSERT INTO kierowcy_pojazdy VALUES (98, 150);
INSERT INTO kierowcy_pojazdy VALUES (98, 151);
INSERT INTO kierowcy_pojazdy VALUES (99, 152);
INSERT INTO kierowcy_pojazdy VALUES (100, 153);
INSERT INTO kierowcy_pojazdy VALUES (100, 154);
